use betsbettingspree;

insert into country values ('EN', "England", "https://media.api-sports.io/flags/gb.svg");
insert into country values ('ES', "Spain", "https://media.api-sports.io/flags/es.svg");
insert into country values ('PT', "Portugal", "https://media.api-sports.io/flags/pt.svg");

INSERT INTO league (idleague, name, logo, idcountry) VALUES (2790, "Premier League", "https://media.api-sports.io/football/leagues/39.png", 'EN');
INSERT INTO league (idleague, name, logo, idcountry) VALUES (2833, "Primera Division", "https://media.api-sports.io/football/leagues/140.png", 'ES');
INSERT INTO league (idleague, name, logo, idcountry) VALUES (2826, "Primeira Divisão", "https://media.api-sports.io/football/leagues/94.png", 'PT');

INSERT INTO team (idteam, name, logo) VALUES (228, "Sporting CP", "https://media.api-sports.io/football/teams/228.png");
		INSERT INTO team_stats (idteam_stats, idleague, idteam, matchsPlayedHome, matchsPlayedAway, winsHome,winsAway, drawsHome, drawsAway, losesHome, losesAway, goalsForHome,goalsForAway, goalsAgainstHome, goalsAgainstAway,matchsPlayedTotal, winsTotal, drawsTotal, losesTotal, goalsForTotal, goalsAgainstTotal, goalsDiff, position, team_stats.group, points, forme) VALUES (1, 2826, 228,3,4,2,4,1,0,0,0,9,10,3,1,7,6,1,0,19,4,15,1,"Primeira Liga", 19,"WWWWD");
INSERT INTO team (idteam, name, logo) VALUES (217, "SC Braga", "https://media.api-sports.io/football/teams/217.png");
		INSERT INTO team_stats (idteam_stats, idleague, idteam, matchsPlayedHome, matchsPlayedAway, winsHome,winsAway, drawsHome, drawsAway, losesHome, losesAway, goalsForHome,goalsForAway, goalsAgainstHome, goalsAgainstAway,matchsPlayedTotal, winsTotal, drawsTotal, losesTotal, goalsForTotal, goalsAgainstTotal, goalsDiff, position, team_stats.group, points, forme) VALUES (2, 2826, 217,3,4,2,3,0,0,1,1,3,9,2,5,7,5,0,2,12,7,5,2,"Primeira Liga", 15,"WWWWW");
INSERT INTO team (idteam, name, logo) VALUES (211, "Benfica", "https://media.api-sports.io/football/teams/211.png");
		INSERT INTO team_stats (idteam_stats, idleague, idteam, matchsPlayedHome, matchsPlayedAway, winsHome,winsAway, drawsHome, drawsAway, losesHome, losesAway, goalsForHome,goalsForAway, goalsAgainstHome, goalsAgainstAway,matchsPlayedTotal, winsTotal, drawsTotal, losesTotal, goalsForTotal, goalsAgainstTotal, goalsDiff, position, team_stats.group, points, forme) VALUES (3, 2826, 211,4,3,3,2,0,0,1,1,9,8,5,4,7,5,0,2,17,9,8,3,"Primeira Liga", 15,"LLWWW");
INSERT INTO team (idteam, name, logo) VALUES (212, "FC Porto", "https://media.api-sports.io/football/teams/212.png");
		INSERT INTO team_stats (idteam_stats, idleague, idteam, matchsPlayedHome, matchsPlayedAway, winsHome,winsAway, drawsHome, drawsAway, losesHome, losesAway, goalsForHome,goalsForAway, goalsAgainstHome, goalsAgainstAway,matchsPlayedTotal, winsTotal, drawsTotal, losesTotal, goalsForTotal, goalsAgainstTotal, goalsDiff, position, team_stats.group, points, forme) VALUES (4, 2826, 212,4,3,3,1,0,1,1,1,9,9,5,5,7,4,1,2,18,10,8,4,"Primeira Liga", 13,"WLWDL");
INSERT INTO team (idteam, name, logo) VALUES (225, "Nacional", "https://media.api-sports.io/football/teams/225.png");
		INSERT INTO team_stats (idteam_stats, idleague, idteam, matchsPlayedHome, matchsPlayedAway, winsHome,winsAway, drawsHome, drawsAway, losesHome, losesAway, goalsForHome,goalsForAway, goalsAgainstHome, goalsAgainstAway,matchsPlayedTotal, winsTotal, drawsTotal, losesTotal, goalsForTotal, goalsAgainstTotal, goalsDiff, position, team_stats.group, points, forme) VALUES (5, 2826, 225,4,3,1,1,3,1,0,1,6,2,5,2,7,2,4,1,8,7,1,5,"Primeira Liga", 10,"WDDLD");
INSERT INTO team (idteam, name, logo) VALUES (227, "Santa Clara", "https://media.api-sports.io/football/teams/227.png");
		INSERT INTO team_stats (idteam_stats, idleague, idteam, matchsPlayedHome, matchsPlayedAway, winsHome,winsAway, drawsHome, drawsAway, losesHome, losesAway, goalsForHome,goalsForAway, goalsAgainstHome, goalsAgainstAway,matchsPlayedTotal, winsTotal, drawsTotal, losesTotal, goalsForTotal, goalsAgainstTotal, goalsDiff, position, team_stats.group, points, forme) VALUES (6, 2826, 227,3,4,1,2,1,0,1,2,3,4,2,5,7,3,1,3,7,7,0,6,"Primeira Liga", 10,"LWLLD");
INSERT INTO team (idteam, name, logo) VALUES (226, "Rio Ave", "https://media.api-sports.io/football/teams/226.png");
		INSERT INTO team_stats (idteam_stats, idleague, idteam, matchsPlayedHome, matchsPlayedAway, winsHome,winsAway, drawsHome, drawsAway, losesHome, losesAway, goalsForHome,goalsForAway, goalsAgainstHome, goalsAgainstAway,matchsPlayedTotal, winsTotal, drawsTotal, losesTotal, goalsForTotal, goalsAgainstTotal, goalsDiff, position, team_stats.group, points, forme) VALUES (7, 2826, 226,3,4,1,1,1,3,1,0,2,3,3,2,7,2,4,1,5,5,0,7,"Primeira Liga", 10,"DWWLD");
INSERT INTO team (idteam, name, logo) VALUES (224, "Guimaraes", "https://media.api-sports.io/football/teams/224.png");
		INSERT INTO team_stats (idteam_stats, idleague, idteam, matchsPlayedHome, matchsPlayedAway, winsHome,winsAway, drawsHome, drawsAway, losesHome, losesAway, goalsForHome,goalsForAway, goalsAgainstHome, goalsAgainstAway,matchsPlayedTotal, winsTotal, drawsTotal, losesTotal, goalsForTotal, goalsAgainstTotal, goalsDiff, position, team_stats.group, points, forme) VALUES (8, 2826, 224,4,3,1,2,0,1,3,0,1,3,6,1,7,3,1,3,4,7,-3,8,"Primeira Liga", 10,"LWLWW");
INSERT INTO team (idteam, name, logo) VALUES (242, "Famalicao", "https://media.api-sports.io/football/teams/242.png");
		INSERT INTO team_stats (idteam_stats, idleague, idteam, matchsPlayedHome, matchsPlayedAway, winsHome,winsAway, drawsHome, drawsAway, losesHome, losesAway, goalsForHome,goalsForAway, goalsAgainstHome, goalsAgainstAway,matchsPlayedTotal, winsTotal, drawsTotal, losesTotal, goalsForTotal, goalsAgainstTotal, goalsDiff, position, team_stats.group, points, forme) VALUES (9, 2826, 242,4,3,1,1,2,1,1,1,6,5,9,5,7,2,3,2,11,14,-3,9,"Primeira Liga", 9,"WLDDD");
INSERT INTO team (idteam, name, logo) VALUES (234, "Pacos Ferreira", "https://media.api-sports.io/football/teams/234.png");
		INSERT INTO team_stats (idteam_stats, idleague, idteam, matchsPlayedHome, matchsPlayedAway, winsHome,winsAway, drawsHome, drawsAway, losesHome, losesAway, goalsForHome,goalsForAway, goalsAgainstHome, goalsAgainstAway,matchsPlayedTotal, winsTotal, drawsTotal, losesTotal, goalsForTotal, goalsAgainstTotal, goalsDiff, position, team_stats.group, points, forme) VALUES (10, 2826, 234,3,3,2,0,0,2,1,1,5,2,5,3,6,2,2,2,7,8,-1,10,"Primeira Liga", 8,"WDWLL");
INSERT INTO team (idteam, name, logo) VALUES (215, "Moreirense", "https://media.api-sports.io/football/teams/215.png");
		INSERT INTO team_stats (idteam_stats, idleague, idteam, matchsPlayedHome, matchsPlayedAway, winsHome,winsAway, drawsHome, drawsAway, losesHome, losesAway, goalsForHome,goalsForAway, goalsAgainstHome, goalsAgainstAway,matchsPlayedTotal, winsTotal, drawsTotal, losesTotal, goalsForTotal, goalsAgainstTotal, goalsDiff, position, team_stats.group, points, forme) VALUES (11, 2826, 215,3,3,2,0,1,1,0,2,5,0,2,4,6,2,2,2,5,6,-1,11,"Primeira Liga", 8,"LWDDL");
INSERT INTO team (idteam, name, logo) VALUES (218, "Tondela", "https://media.api-sports.io/football/teams/218.png");
		INSERT INTO team_stats (idteam_stats, idleague, idteam, matchsPlayedHome, matchsPlayedAway, winsHome,winsAway, drawsHome, drawsAway, losesHome, losesAway, goalsForHome,goalsForAway, goalsAgainstHome, goalsAgainstAway,matchsPlayedTotal, winsTotal, drawsTotal, losesTotal, goalsForTotal, goalsAgainstTotal, goalsDiff, position, team_stats.group, points, forme) VALUES (12, 2826, 218,4,3,2,0,1,1,1,2,4,2,5,7,7,2,2,3,6,12,-6,12,"Primeira Liga", 8,"WLWDL");
INSERT INTO team (idteam, name, logo) VALUES (221, "Belenenses", "https://media.api-sports.io/football/teams/221.png");
		INSERT INTO team_stats (idteam_stats, idleague, idteam, matchsPlayedHome, matchsPlayedAway, winsHome,winsAway, drawsHome, drawsAway, losesHome, losesAway, goalsForHome,goalsForAway, goalsAgainstHome, goalsAgainstAway,matchsPlayedTotal, winsTotal, drawsTotal, losesTotal, goalsForTotal, goalsAgainstTotal, goalsDiff, position, team_stats.group, points, forme) VALUES (13, 2826, 221,4,3,0,1,3,1,1,1,2,1,3,2,7,1,4,2,3,5,-2,13,"Primeira Liga", 7,"DDLDD");
INSERT INTO team (idteam, name, logo) VALUES (214, "Maritimo", "https://media.api-sports.io/football/teams/214.png");
		INSERT INTO team_stats (idteam_stats, idleague, idteam, matchsPlayedHome, matchsPlayedAway, winsHome,winsAway, drawsHome, drawsAway, losesHome, losesAway, goalsForHome,goalsForAway, goalsAgainstHome, goalsAgainstAway,matchsPlayedTotal, winsTotal, drawsTotal, losesTotal, goalsForTotal, goalsAgainstTotal, goalsDiff, position, team_stats.group, points, forme) VALUES (14, 2826, 214,3,4,1,1,1,0,1,3,3,5,3,8,7,2,1,4,8,11,-3,14,"Primeira Liga", 7,"LDLLW");
INSERT INTO team (idteam, name, logo) VALUES (222, "Boavista", "https://media.api-sports.io/football/teams/222.png");
		INSERT INTO team_stats (idteam_stats, idleague, idteam, matchsPlayedHome, matchsPlayedAway, winsHome,winsAway, drawsHome, drawsAway, losesHome, losesAway, goalsForHome,goalsForAway, goalsAgainstHome, goalsAgainstAway,matchsPlayedTotal, winsTotal, drawsTotal, losesTotal, goalsForTotal, goalsAgainstTotal, goalsDiff, position, team_stats.group, points, forme) VALUES (15, 2826, 222,3,4,1,0,0,3,2,1,3,7,6,9,7,1,3,3,10,15,-5,15,"Primeira Liga", 6,"LWDLD");
INSERT INTO team (idteam, name, logo) VALUES (231, "Farense", "https://media.api-sports.io/football/teams/231.png");
		INSERT INTO team_stats (idteam_stats, idleague, idteam, matchsPlayedHome, matchsPlayedAway, winsHome,winsAway, drawsHome, drawsAway, losesHome, losesAway, goalsForHome,goalsForAway, goalsAgainstHome, goalsAgainstAway,matchsPlayedTotal, winsTotal, drawsTotal, losesTotal, goalsForTotal, goalsAgainstTotal, goalsDiff, position, team_stats.group, points, forme) VALUES (16, 2826, 231,4,3,1,0,1,1,2,2,6,3,6,6,7,1,2,4,9,12,-3,16,"Primeira Liga", 5,"WDLDL");
INSERT INTO team (idteam, name, logo) VALUES (762, "GIL Vicente", "https://media.api-sports.io/football/teams/762.png");
		INSERT INTO team_stats (idteam_stats, idleague, idteam, matchsPlayedHome, matchsPlayedAway, winsHome,winsAway, drawsHome, drawsAway, losesHome, losesAway, goalsForHome,goalsForAway, goalsAgainstHome, goalsAgainstAway,matchsPlayedTotal, winsTotal, drawsTotal, losesTotal, goalsForTotal, goalsAgainstTotal, goalsDiff, position, team_stats.group, points, forme) VALUES (17, 2826, 762,3,4,1,0,1,1,1,3,3,2,3,6,7,1,2,4,5,9,-4,17,"Primeira Liga", 5,"LLLLD");
INSERT INTO team (idteam, name, logo) VALUES (216, "Portimonense", "https://media.api-sports.io/football/teams/216.png");
		INSERT INTO team_stats (idteam_stats, idleague, idteam, matchsPlayedHome, matchsPlayedAway, winsHome,winsAway, drawsHome, drawsAway, losesHome, losesAway, goalsForHome,goalsForAway, goalsAgainstHome, goalsAgainstAway,matchsPlayedTotal, winsTotal, drawsTotal, losesTotal, goalsForTotal, goalsAgainstTotal, goalsDiff, position, team_stats.group, points, forme) VALUES (18, 2826, 216,3,4,0,1,1,0,2,3,2,3,5,6,7,1,1,5,5,11,-6,18,"Primeira Liga", 4,"LLLWL");

INSERT INTO fixture (idfixture, begintime, hometeam,awayteam, idleague, state, oddhome, oddaway, odddraw, scoreHome, scoreAway) VALUES (601085,"2020-11-27T19:00:00", 234, 242,2826, "Not Started", 0,0,0, 0, 0);
		INSERT INTO h2h (idh2h, idfixture, homeTeamId, awayTeamId, score, date)VALUES (1,601085,234, 242,"1-2", "2018-08-26T16:00:00");
		INSERT INTO h2h (idh2h, idfixture, homeTeamId, awayTeamId, score, date)VALUES (2,601085,242, 234,"0-1", "2019-02-05T20:15:00");
		INSERT INTO h2h (idh2h, idfixture, homeTeamId, awayTeamId, score, date)VALUES (3,601085,242, 234,"4-2", "2019-09-14T15:30:00");
		INSERT INTO h2h (idh2h, idfixture, homeTeamId, awayTeamId, score, date)VALUES (4,601085,234, 242,"0-1", "2020-01-15T20:00:00");
		INSERT INTO h2h (idh2h, idfixture, homeTeamId, awayTeamId, score, date)VALUES (5,601085,234, 242,"2-1", "2020-02-23T15:00:00");
		INSERT INTO h2h (idh2h, idfixture, homeTeamId, awayTeamId, score, date)VALUES (6,601085,234, 242,"None", "2020-11-27T19:00:00");
		INSERT INTO h2h (idh2h, idfixture, homeTeamId, awayTeamId, score, date)VALUES (7,601085,242, 234,"None", "2021-04-03T15:00:00");
INSERT INTO fixture (idfixture, begintime, hometeam,awayteam, idleague, state, oddhome, oddaway, odddraw, scoreHome, scoreAway) VALUES (601092,"2020-11-27T21:00:00", 218, 224,2826, "Not Started", 0,0,0, 0, 0);
		INSERT INTO h2h (idh2h, idfixture, homeTeamId, awayTeamId, score, date)VALUES (8,601092,224, 218,"1-0", "2015-09-13T16:00:00");
		INSERT INTO h2h (idh2h, idfixture, homeTeamId, awayTeamId, score, date)VALUES (9,601092,218, 224,"1-1", "2016-02-06T20:45:00");
		INSERT INTO h2h (idh2h, idfixture, homeTeamId, awayTeamId, score, date)VALUES (10,601092,218, 224,"2-1", "2016-11-27T20:15:00");
		INSERT INTO h2h (idh2h, idfixture, homeTeamId, awayTeamId, score, date)VALUES (11,601092,224, 218,"2-1", "2017-04-09T17:00:00");
		INSERT INTO h2h (idh2h, idfixture, homeTeamId, awayTeamId, score, date)VALUES (12,601092,224, 218,"0-1", "2017-12-23T18:15:00");
		INSERT INTO h2h (idh2h, idfixture, homeTeamId, awayTeamId, score, date)VALUES (13,601092,218, 224,"1-4", "2018-05-05T17:15:00");
		INSERT INTO h2h (idh2h, idfixture, homeTeamId, awayTeamId, score, date)VALUES (14,601092,224, 218,"1-0", "2018-08-31T20:15:00");
		INSERT INTO h2h (idh2h, idfixture, homeTeamId, awayTeamId, score, date)VALUES (15,601092,218, 224,"1-0", "2019-02-09T20:30:00");
		INSERT INTO h2h (idh2h, idfixture, homeTeamId, awayTeamId, score, date)VALUES (16,601092,218, 224,"1-3", "2019-09-22T17:00:00");
		INSERT INTO h2h (idh2h, idfixture, homeTeamId, awayTeamId, score, date)VALUES (17,601092,224, 218,"2-0", "2020-03-01T20:00:00");
		INSERT INTO h2h (idh2h, idfixture, homeTeamId, awayTeamId, score, date)VALUES (18,601092,218, 224,"None", "2020-11-27T21:00:00");
		INSERT INTO h2h (idh2h, idfixture, homeTeamId, awayTeamId, score, date)VALUES (19,601092,224, 218,"None", "2021-04-03T15:00:00");
INSERT INTO fixture (idfixture, begintime, hometeam,awayteam, idleague, state, oddhome, oddaway, odddraw, scoreHome, scoreAway) VALUES (601088,"2020-11-28T18:00:00", 227, 212,2826, "Not Started", 0,0,0, 0, 0);
		INSERT INTO h2h (idh2h, idfixture, homeTeamId, awayTeamId, score, date)VALUES (20,601088,227, 212,"1-2", "2018-12-15T20:30:00");
		INSERT INTO h2h (idh2h, idfixture, homeTeamId, awayTeamId, score, date)VALUES (21,601088,212, 227,"1-0", "2019-04-20T19:30:00");
		INSERT INTO h2h (idh2h, idfixture, homeTeamId, awayTeamId, score, date)VALUES (22,601088,212, 227,"2-0", "2019-09-22T19:30:00");
		INSERT INTO h2h (idh2h, idfixture, homeTeamId, awayTeamId, score, date)VALUES (23,601088,212, 227,"1-0", "2019-09-25T20:00:00");
		INSERT INTO h2h (idh2h, idfixture, homeTeamId, awayTeamId, score, date)VALUES (24,601088,212, 227,"1-0", "2019-12-19T19:15:00");
		INSERT INTO h2h (idh2h, idfixture, homeTeamId, awayTeamId, score, date)VALUES (25,601088,227, 212,"0-2", "2020-03-02T19:30:00");
		INSERT INTO h2h (idh2h, idfixture, homeTeamId, awayTeamId, score, date)VALUES (26,601088,227, 212,"None", "2020-11-28T18:00:00");
		INSERT INTO h2h (idh2h, idfixture, homeTeamId, awayTeamId, score, date)VALUES (27,601088,212, 227,"None", "2021-04-03T15:00:00");
INSERT INTO fixture (idfixture, begintime, hometeam,awayteam, idleague, state, oddhome, oddaway, odddraw, scoreHome, scoreAway) VALUES (601091,"2020-11-28T20:30:00", 228, 215,2826, "Not Started", 0,0,0, 0, 0);
		INSERT INTO h2h (idh2h, idfixture, homeTeamId, awayTeamId, score, date)VALUES (28,601091,215, 228,"2-2", "2012-11-26T20:15:00");
		INSERT INTO h2h (idh2h, idfixture, homeTeamId, awayTeamId, score, date)VALUES (29,601091,228, 215,"3-2", "2013-04-06T19:30:00");
		INSERT INTO h2h (idh2h, idfixture, homeTeamId, awayTeamId, score, date)VALUES (30,601091,228, 215,"1-1", "2014-12-14T18:00:00");
		INSERT INTO h2h (idh2h, idfixture, homeTeamId, awayTeamId, score, date)VALUES (31,601091,215, 228,"1-4", "2015-04-27T19:00:00");
		INSERT INTO h2h (idh2h, idfixture, homeTeamId, awayTeamId, score, date)VALUES (32,601091,228, 215,"3-1", "2015-12-13T18:15:00");
		INSERT INTO h2h (idh2h, idfixture, homeTeamId, awayTeamId, score, date)VALUES (33,601091,215, 228,"0-1", "2016-04-16T19:45:00");
		INSERT INTO h2h (idh2h, idfixture, homeTeamId, awayTeamId, score, date)VALUES (34,601091,228, 215,"3-0", "2016-09-10T17:15:00");
		INSERT INTO h2h (idh2h, idfixture, homeTeamId, awayTeamId, score, date)VALUES (35,601091,215, 228,"2-3", "2017-02-12T18:00:00");
		INSERT INTO h2h (idh2h, idfixture, homeTeamId, awayTeamId, score, date)VALUES (36,601091,215, 228,"1-1", "2017-09-23T17:15:00");
		INSERT INTO h2h (idh2h, idfixture, homeTeamId, awayTeamId, score, date)VALUES (37,601091,228, 215,"1-0", "2018-02-26T21:00:00");
		INSERT INTO h2h (idh2h, idfixture, homeTeamId, awayTeamId, score, date)VALUES (38,601091,215, 228,"1-3", "2018-08-12T17:30:00");
		INSERT INTO h2h (idh2h, idfixture, homeTeamId, awayTeamId, score, date)VALUES (39,601091,228, 215,"2-1", "2019-01-19T18:00:00");
		INSERT INTO h2h (idh2h, idfixture, homeTeamId, awayTeamId, score, date)VALUES (40,601091,228, 215,"1-0", "2019-12-08T17:30:00");
		INSERT INTO h2h (idh2h, idfixture, homeTeamId, awayTeamId, score, date)VALUES (41,601091,215, 228,"0-0", "2020-07-06T20:00:00");
		INSERT INTO h2h (idh2h, idfixture, homeTeamId, awayTeamId, score, date)VALUES (42,601091,228, 215,"None", "2020-11-28T20:30:00");
		INSERT INTO h2h (idh2h, idfixture, homeTeamId, awayTeamId, score, date)VALUES (43,601091,215, 228,"None", "2021-04-03T15:00:00");
INSERT INTO fixture (idfixture, begintime, hometeam,awayteam, idleague, state, oddhome, oddaway, odddraw, scoreHome, scoreAway) VALUES (601084,"2020-11-29T15:00:00", 762, 226,2826, "Not Started", 0,0,0, 0, 0);
		INSERT INTO h2h (idh2h, idfixture, homeTeamId, awayTeamId, score, date)VALUES (44,601084,226, 762,"2-0", "2011-12-11T16:00:00");
		INSERT INTO h2h (idh2h, idfixture, homeTeamId, awayTeamId, score, date)VALUES (45,601084,762, 226,"0-0", "2012-04-22T15:00:00");
		INSERT INTO h2h (idh2h, idfixture, homeTeamId, awayTeamId, score, date)VALUES (46,601084,762, 226,"0-1", "2013-01-13T16:00:00");
		INSERT INTO h2h (idh2h, idfixture, homeTeamId, awayTeamId, score, date)VALUES (47,601084,226, 762,"2-1", "2013-05-11T17:15:00");
		INSERT INTO h2h (idh2h, idfixture, homeTeamId, awayTeamId, score, date)VALUES (48,601084,226, 762,"0-1", "2013-10-26T17:00:00");
		INSERT INTO h2h (idh2h, idfixture, homeTeamId, awayTeamId, score, date)VALUES (49,601084,762, 226,"1-2", "2014-03-15T16:00:00");
		INSERT INTO h2h (idh2h, idfixture, homeTeamId, awayTeamId, score, date)VALUES (50,601084,226, 762,"0-0", "2014-12-06T16:00:00");
		INSERT INTO h2h (idh2h, idfixture, homeTeamId, awayTeamId, score, date)VALUES (51,601084,762, 226,"0-0", "2015-04-19T15:00:00");
		INSERT INTO h2h (idh2h, idfixture, homeTeamId, awayTeamId, score, date)VALUES (52,601084,226, 762,"1-0", "2019-12-09T20:15:00");
		INSERT INTO h2h (idh2h, idfixture, homeTeamId, awayTeamId, score, date)VALUES (53,601084,226, 762,"0-1", "2019-12-21T17:00:00");
		INSERT INTO h2h (idh2h, idfixture, homeTeamId, awayTeamId, score, date)VALUES (54,601084,762, 226,"1-0", "2020-07-05T16:00:00");
		INSERT INTO h2h (idh2h, idfixture, homeTeamId, awayTeamId, score, date)VALUES (55,601084,762, 226,"None", "2020-11-29T15:00:00");
		INSERT INTO h2h (idh2h, idfixture, homeTeamId, awayTeamId, score, date)VALUES (56,601084,226, 762,"None", "2021-04-03T15:00:00");
INSERT INTO fixture (idfixture, begintime, hometeam,awayteam, idleague, state, oddhome, oddaway, odddraw, scoreHome, scoreAway) VALUES (601090,"2020-11-29T15:00:00", 216, 225,2826, "Not Started", 0,0,0, 0, 0);
		INSERT INTO h2h (idh2h, idfixture, homeTeamId, awayTeamId, score, date)VALUES (57,601090,225, 216,"3-1", "2010-10-03T15:00:00");
		INSERT INTO h2h (idh2h, idfixture, homeTeamId, awayTeamId, score, date)VALUES (58,601090,216, 225,"1-1", "2011-03-07T20:15:00");
		INSERT INTO h2h (idh2h, idfixture, homeTeamId, awayTeamId, score, date)VALUES (59,601090,225, 216,"0-1", "2018-10-26T18:00:00");
		INSERT INTO h2h (idh2h, idfixture, homeTeamId, awayTeamId, score, date)VALUES (60,601090,216, 225,"5-1", "2019-03-10T15:00:00");
		INSERT INTO h2h (idh2h, idfixture, homeTeamId, awayTeamId, score, date)VALUES (61,601090,216, 225,"None", "2020-11-29T15:00:00");
		INSERT INTO h2h (idh2h, idfixture, homeTeamId, awayTeamId, score, date)VALUES (62,601090,225, 216,"None", "2021-04-03T15:00:00");
INSERT INTO fixture (idfixture, begintime, hometeam,awayteam, idleague, state, oddhome, oddaway, odddraw, scoreHome, scoreAway) VALUES (601086,"2020-11-29T17:30:00", 222, 221,2826, "Not Started", 0,0,0, 0, 0);
		INSERT INTO h2h (idh2h, idfixture, homeTeamId, awayTeamId, score, date)VALUES (63,601086,221, 222,"3-1", "2014-11-03T20:00:00");
		INSERT INTO h2h (idh2h, idfixture, homeTeamId, awayTeamId, score, date)VALUES (64,601086,222, 221,"1-0", "2015-03-22T16:00:00");
		INSERT INTO h2h (idh2h, idfixture, homeTeamId, awayTeamId, score, date)VALUES (65,601086,221, 222,"1-0", "2015-12-21T19:00:00");
		INSERT INTO h2h (idh2h, idfixture, homeTeamId, awayTeamId, score, date)VALUES (66,601086,222, 221,"1-0", "2016-04-22T19:30:00");
		INSERT INTO h2h (idh2h, idfixture, homeTeamId, awayTeamId, score, date)VALUES (67,601086,221, 222,"0-0", "2016-08-19T19:30:00");
		INSERT INTO h2h (idh2h, idfixture, homeTeamId, awayTeamId, score, date)VALUES (68,601086,222, 221,"0-1", "2017-01-27T20:30:00");
		INSERT INTO h2h (idh2h, idfixture, homeTeamId, awayTeamId, score, date)VALUES (69,601086,221, 222,"1-1", "2018-01-09T21:00:00");
		INSERT INTO h2h (idh2h, idfixture, homeTeamId, awayTeamId, score, date)VALUES (70,601086,222, 221,"1-0", "2018-05-12T19:00:00");
		INSERT INTO h2h (idh2h, idfixture, homeTeamId, awayTeamId, score, date)VALUES (71,601086,221, 222,"0-0", "2018-11-10T15:30:00");
		INSERT INTO h2h (idh2h, idfixture, homeTeamId, awayTeamId, score, date)VALUES (72,601086,222, 221,"2-0", "2019-03-31T19:00:00");
		INSERT INTO h2h (idh2h, idfixture, homeTeamId, awayTeamId, score, date)VALUES (73,601086,221, 222,"0-1", "2019-08-30T20:15:00");
		INSERT INTO h2h (idh2h, idfixture, homeTeamId, awayTeamId, score, date)VALUES (74,601086,222, 221,"1-2", "2020-02-16T15:00:00");
		INSERT INTO h2h (idh2h, idfixture, homeTeamId, awayTeamId, score, date)VALUES (75,601086,222, 221,"None", "2020-11-29T17:30:00");
		INSERT INTO h2h (idh2h, idfixture, homeTeamId, awayTeamId, score, date)VALUES (76,601086,221, 222,"None", "2021-04-03T15:00:00");
INSERT INTO fixture (idfixture, begintime, hometeam,awayteam, idleague, state, oddhome, oddaway, odddraw, scoreHome, scoreAway) VALUES (601087,"2020-11-29T20:00:00", 217, 231,2826, "Not Started", 0,0,0, 0, 0);
		INSERT INTO h2h (idh2h, idfixture, homeTeamId, awayTeamId, score, date)VALUES (77,601087,217, 231,"None", "2020-11-29T20:00:00");
		INSERT INTO h2h (idh2h, idfixture, homeTeamId, awayTeamId, score, date)VALUES (78,601087,231, 217,"None", "2021-04-03T15:00:00");
INSERT INTO fixture (idfixture, begintime, hometeam,awayteam, idleague, state, oddhome, oddaway, odddraw, scoreHome, scoreAway) VALUES (601089,"2020-11-30T19:00:00", 214, 211,2826, "Not Started", 0,0,0, 0, 0);
		INSERT INTO h2h (idh2h, idfixture, homeTeamId, awayTeamId, score, date)VALUES (79,601089,214, 211,"0-1", "2010-09-25T18:15:00");
		INSERT INTO h2h (idh2h, idfixture, homeTeamId, awayTeamId, score, date)VALUES (80,601089,211, 214,"2-1", "2011-02-27T18:00:00");
		INSERT INTO h2h (idh2h, idfixture, homeTeamId, awayTeamId, score, date)VALUES (81,601089,214, 211,"0-1", "2011-12-11T20:15:00");
		INSERT INTO h2h (idh2h, idfixture, homeTeamId, awayTeamId, score, date)VALUES (82,601089,211, 214,"4-1", "2012-04-21T16:00:00");
		INSERT INTO h2h (idh2h, idfixture, homeTeamId, awayTeamId, score, date)VALUES (83,601089,211, 214,"4-1", "2012-12-15T20:30:00");
		INSERT INTO h2h (idh2h, idfixture, homeTeamId, awayTeamId, score, date)VALUES (84,601089,214, 211,"1-2", "2013-04-29T19:00:00");
		INSERT INTO h2h (idh2h, idfixture, homeTeamId, awayTeamId, score, date)VALUES (85,601089,214, 211,"2-1", "2013-08-18T16:45:00");
		INSERT INTO h2h (idh2h, idfixture, homeTeamId, awayTeamId, score, date)VALUES (86,601089,211, 214,"2-0", "2014-01-19T17:00:00");
		INSERT INTO h2h (idh2h, idfixture, homeTeamId, awayTeamId, score, date)VALUES (87,601089,214, 211,"0-4", "2015-01-18T18:00:00");
		INSERT INTO h2h (idh2h, idfixture, homeTeamId, awayTeamId, score, date)VALUES (88,601089,211, 214,"4-1", "2015-05-23T17:00:00");
		INSERT INTO h2h (idh2h, idfixture, homeTeamId, awayTeamId, score, date)VALUES (89,601089,211, 214,"6-0", "2016-01-06T19:00:00");
		INSERT INTO h2h (idh2h, idfixture, homeTeamId, awayTeamId, score, date)VALUES (90,601089,214, 211,"0-2", "2016-05-08T19:30:00");
		INSERT INTO h2h (idh2h, idfixture, homeTeamId, awayTeamId, score, date)VALUES (91,601089,211, 214,"6-0", "2016-11-19T20:15:00");
		INSERT INTO h2h (idh2h, idfixture, homeTeamId, awayTeamId, score, date)VALUES (92,601089,214, 211,"2-1", "2016-12-02T20:30:00");
		INSERT INTO h2h (idh2h, idfixture, homeTeamId, awayTeamId, score, date)VALUES (93,601089,211, 214,"3-0", "2017-04-14T17:15:00");
		INSERT INTO h2h (idh2h, idfixture, homeTeamId, awayTeamId, score, date)VALUES (94,601089,214, 211,"1-1", "2017-10-01T20:30:00");
		INSERT INTO h2h (idh2h, idfixture, homeTeamId, awayTeamId, score, date)VALUES (95,601089,211, 214,"5-0", "2018-03-03T18:15:00");
		INSERT INTO h2h (idh2h, idfixture, homeTeamId, awayTeamId, score, date)VALUES (96,601089,214, 211,"0-1", "2018-12-16T17:30:00");
		INSERT INTO h2h (idh2h, idfixture, homeTeamId, awayTeamId, score, date)VALUES (97,601089,211, 214,"6-0", "2019-04-22T19:15:00");
		INSERT INTO h2h (idh2h, idfixture, homeTeamId, awayTeamId, score, date)VALUES (98,601089,211, 214,"4-0", "2019-11-30T18:00:00");
		INSERT INTO h2h (idh2h, idfixture, homeTeamId, awayTeamId, score, date)VALUES (99,601089,214, 211,"2-0", "2020-06-29T17:00:00");
		INSERT INTO h2h (idh2h, idfixture, homeTeamId, awayTeamId, score, date)VALUES (100,601089,214, 211,"None", "2020-11-30T19:00:00");
		INSERT INTO h2h (idh2h, idfixture, homeTeamId, awayTeamId, score, date)VALUES (101,601089,211, 214,"None", "2021-04-03T15:00:00");
INSERT INTO fixture (idfixture, begintime, hometeam,awayteam, idleague, state, oddhome, oddaway, odddraw, scoreHome, scoreAway) VALUES (601080,"2020-12-01T21:45:00", 215, 234,2826, "Not Started", 0,0,0, 0, 0);
		INSERT INTO h2h (idh2h, idfixture, homeTeamId, awayTeamId, score, date)VALUES (102,601080,234, 215,"1-1", "2012-08-19T17:00:00");
		INSERT INTO h2h (idh2h, idfixture, homeTeamId, awayTeamId, score, date)VALUES (103,601080,215, 234,"0-5", "2013-01-27T16:00:00");
		INSERT INTO h2h (idh2h, idfixture, homeTeamId, awayTeamId, score, date)VALUES (104,601080,215, 234,"2-0", "2014-12-07T16:00:00");
		INSERT INTO h2h (idh2h, idfixture, homeTeamId, awayTeamId, score, date)VALUES (105,601080,234, 215,"0-0", "2015-04-19T15:00:00");
		INSERT INTO h2h (idh2h, idfixture, homeTeamId, awayTeamId, score, date)VALUES (106,601080,215, 234,"2-0", "2015-11-08T16:00:00");
		INSERT INTO h2h (idh2h, idfixture, homeTeamId, awayTeamId, score, date)VALUES (107,601080,234, 215,"0-0", "2016-03-20T16:00:00");
		INSERT INTO h2h (idh2h, idfixture, homeTeamId, awayTeamId, score, date)VALUES (108,601080,215, 234,"1-1", "2016-08-13T15:00:00");
		INSERT INTO h2h (idh2h, idfixture, homeTeamId, awayTeamId, score, date)VALUES (109,601080,234, 215,"0-2", "2017-01-20T20:30:00");
		INSERT INTO h2h (idh2h, idfixture, homeTeamId, awayTeamId, score, date)VALUES (110,601080,234, 215,"3-2", "2017-09-30T15:00:00");
		INSERT INTO h2h (idh2h, idfixture, homeTeamId, awayTeamId, score, date)VALUES (111,601080,215, 234,"2-0", "2018-03-04T16:00:00");
		INSERT INTO h2h (idh2h, idfixture, homeTeamId, awayTeamId, score, date)VALUES (112,601080,234, 215,"1-0", "2020-01-05T15:00:00");
		INSERT INTO h2h (idh2h, idfixture, homeTeamId, awayTeamId, score, date)VALUES (113,601080,215, 234,"1-1", "2020-07-15T16:00:00");
		INSERT INTO h2h (idh2h, idfixture, homeTeamId, awayTeamId, score, date)VALUES (114,601080,215, 234,"None", "2020-12-01T21:45:00");
		INSERT INTO h2h (idh2h, idfixture, homeTeamId, awayTeamId, score, date)VALUES (115,601080,234, 215,"None", "2021-03-21T16:00:00");
