use betsbettingspree;

insert into country values ('EN', "England", "https://media.api-sports.io/flags/gb.svg");
insert into country values ('ES', "Spain", "https://media.api-sports.io/flags/es.svg");
insert into country values ('PT', "Portugal", "https://media.api-sports.io/flags/pt.svg");

INSERT INTO league (idleague, name, logo, idcountry) VALUES (2790, "Premier League", "https://media.api-sports.io/football/leagues/39.png", 'EN');
INSERT INTO league (idleague, name, logo, idcountry) VALUES (2833, "Primera Division", "https://media.api-sports.io/football/leagues/140.png", 'ES');
INSERT INTO league (idleague, name, logo, idcountry) VALUES (2826, "Primeira Divisão", "https://media.api-sports.io/football/leagues/94.png", 'PT');

INSERT INTO team (idteam, name, logo) VALUES (228, "Sporting CP", "https://media.api-sports.io/football/teams/228.png");
		INSERT INTO team_stats (idteam_stats, idleague, idteam, matchsPlayedHome, matchsPlayedAway, winsHome,winsAway, drawsHome, drawsAway, losesHome, losesAway, goalsForHome,goalsForAway, goalsAgainstHome, goalsAgainstAway,matchsPlayedTotal, winsTotal, drawsTotal, losesTotal, goalsForTotal, goalsAgainstTotal, goalsDiff, position, team_stats.group, points, forme) VALUES (1, 2826, 228,3,4,2,4,1,0,0,0,9,10,3,1,7,6,1,0,19,4,15,1,"Primeira Liga", 19,"WWWWD");
INSERT INTO team (idteam, name, logo) VALUES (217, "SC Braga", "https://media.api-sports.io/football/teams/217.png");
		INSERT INTO team_stats (idteam_stats, idleague, idteam, matchsPlayedHome, matchsPlayedAway, winsHome,winsAway, drawsHome, drawsAway, losesHome, losesAway, goalsForHome,goalsForAway, goalsAgainstHome, goalsAgainstAway,matchsPlayedTotal, winsTotal, drawsTotal, losesTotal, goalsForTotal, goalsAgainstTotal, goalsDiff, position, team_stats.group, points, forme) VALUES (2, 2826, 217,3,4,2,3,0,0,1,1,3,9,2,5,7,5,0,2,12,7,5,2,"Primeira Liga", 15,"WWWWW");
INSERT INTO team (idteam, name, logo) VALUES (211, "Benfica", "https://media.api-sports.io/football/teams/211.png");
		INSERT INTO team_stats (idteam_stats, idleague, idteam, matchsPlayedHome, matchsPlayedAway, winsHome,winsAway, drawsHome, drawsAway, losesHome, losesAway, goalsForHome,goalsForAway, goalsAgainstHome, goalsAgainstAway,matchsPlayedTotal, winsTotal, drawsTotal, losesTotal, goalsForTotal, goalsAgainstTotal, goalsDiff, position, team_stats.group, points, forme) VALUES (3, 2826, 211,4,3,3,2,0,0,1,1,9,8,5,4,7,5,0,2,17,9,8,3,"Primeira Liga", 15,"LLWWW");
INSERT INTO team (idteam, name, logo) VALUES (212, "FC Porto", "https://media.api-sports.io/football/teams/212.png");
		INSERT INTO team_stats (idteam_stats, idleague, idteam, matchsPlayedHome, matchsPlayedAway, winsHome,winsAway, drawsHome, drawsAway, losesHome, losesAway, goalsForHome,goalsForAway, goalsAgainstHome, goalsAgainstAway,matchsPlayedTotal, winsTotal, drawsTotal, losesTotal, goalsForTotal, goalsAgainstTotal, goalsDiff, position, team_stats.group, points, forme) VALUES (4, 2826, 212,4,3,3,1,0,1,1,1,9,9,5,5,7,4,1,2,18,10,8,4,"Primeira Liga", 13,"WLWDL");
INSERT INTO team (idteam, name, logo) VALUES (224, "Guimaraes", "https://media.api-sports.io/football/teams/224.png");
		INSERT INTO team_stats (idteam_stats, idleague, idteam, matchsPlayedHome, matchsPlayedAway, winsHome,winsAway, drawsHome, drawsAway, losesHome, losesAway, goalsForHome,goalsForAway, goalsAgainstHome, goalsAgainstAway,matchsPlayedTotal, winsTotal, drawsTotal, losesTotal, goalsForTotal, goalsAgainstTotal, goalsDiff, position, team_stats.group, points, forme) VALUES (5, 2826, 224,4,4,1,3,0,1,3,0,1,5,6,1,8,4,1,3,6,7,-1,5,"Primeira Liga", 13,"WLWLW");
INSERT INTO team (idteam, name, logo) VALUES (234, "Pacos Ferreira", "https://media.api-sports.io/football/teams/234.png");
		INSERT INTO team_stats (idteam_stats, idleague, idteam, matchsPlayedHome, matchsPlayedAway, winsHome,winsAway, drawsHome, drawsAway, losesHome, losesAway, goalsForHome,goalsForAway, goalsAgainstHome, goalsAgainstAway,matchsPlayedTotal, winsTotal, drawsTotal, losesTotal, goalsForTotal, goalsAgainstTotal, goalsDiff, position, team_stats.group, points, forme) VALUES (6, 2826, 234,4,3,3,0,0,2,1,1,7,2,5,3,7,3,2,2,9,8,1,6,"Primeira Liga", 11,"WWDWL");
INSERT INTO team (idteam, name, logo) VALUES (225, "Nacional", "https://media.api-sports.io/football/teams/225.png");
		INSERT INTO team_stats (idteam_stats, idleague, idteam, matchsPlayedHome, matchsPlayedAway, winsHome,winsAway, drawsHome, drawsAway, losesHome, losesAway, goalsForHome,goalsForAway, goalsAgainstHome, goalsAgainstAway,matchsPlayedTotal, winsTotal, drawsTotal, losesTotal, goalsForTotal, goalsAgainstTotal, goalsDiff, position, team_stats.group, points, forme) VALUES (7, 2826, 225,4,3,1,1,3,1,0,1,6,2,5,2,7,2,4,1,8,7,1,7,"Primeira Liga", 10,"WDDLD");
INSERT INTO team (idteam, name, logo) VALUES (227, "Santa Clara", "https://media.api-sports.io/football/teams/227.png");
		INSERT INTO team_stats (idteam_stats, idleague, idteam, matchsPlayedHome, matchsPlayedAway, winsHome,winsAway, drawsHome, drawsAway, losesHome, losesAway, goalsForHome,goalsForAway, goalsAgainstHome, goalsAgainstAway,matchsPlayedTotal, winsTotal, drawsTotal, losesTotal, goalsForTotal, goalsAgainstTotal, goalsDiff, position, team_stats.group, points, forme) VALUES (8, 2826, 227,3,4,1,2,1,0,1,2,3,4,2,5,7,3,1,3,7,7,0,8,"Primeira Liga", 10,"LWLLD");
INSERT INTO team (idteam, name, logo) VALUES (226, "Rio Ave", "https://media.api-sports.io/football/teams/226.png");
		INSERT INTO team_stats (idteam_stats, idleague, idteam, matchsPlayedHome, matchsPlayedAway, winsHome,winsAway, drawsHome, drawsAway, losesHome, losesAway, goalsForHome,goalsForAway, goalsAgainstHome, goalsAgainstAway,matchsPlayedTotal, winsTotal, drawsTotal, losesTotal, goalsForTotal, goalsAgainstTotal, goalsDiff, position, team_stats.group, points, forme) VALUES (9, 2826, 226,3,4,1,1,1,3,1,0,2,3,3,2,7,2,4,1,5,5,0,9,"Primeira Liga", 10,"DWWLD");
INSERT INTO team (idteam, name, logo) VALUES (242, "Famalicao", "https://media.api-sports.io/football/teams/242.png");
		INSERT INTO team_stats (idteam_stats, idleague, idteam, matchsPlayedHome, matchsPlayedAway, winsHome,winsAway, drawsHome, drawsAway, losesHome, losesAway, goalsForHome,goalsForAway, goalsAgainstHome, goalsAgainstAway,matchsPlayedTotal, winsTotal, drawsTotal, losesTotal, goalsForTotal, goalsAgainstTotal, goalsDiff, position, team_stats.group, points, forme) VALUES (10, 2826, 242,4,4,1,1,2,1,1,2,6,5,9,7,8,2,3,3,11,16,-5,10,"Primeira Liga", 9,"LWLDD");
INSERT INTO team (idteam, name, logo) VALUES (215, "Moreirense", "https://media.api-sports.io/football/teams/215.png");
		INSERT INTO team_stats (idteam_stats, idleague, idteam, matchsPlayedHome, matchsPlayedAway, winsHome,winsAway, drawsHome, drawsAway, losesHome, losesAway, goalsForHome,goalsForAway, goalsAgainstHome, goalsAgainstAway,matchsPlayedTotal, winsTotal, drawsTotal, losesTotal, goalsForTotal, goalsAgainstTotal, goalsDiff, position, team_stats.group, points, forme) VALUES (11, 2826, 215,3,3,2,0,1,1,0,2,5,0,2,4,6,2,2,2,5,6,-1,11,"Primeira Liga", 8,"LWDDL");
INSERT INTO team (idteam, name, logo) VALUES (218, "Tondela", "https://media.api-sports.io/football/teams/218.png");
		INSERT INTO team_stats (idteam_stats, idleague, idteam, matchsPlayedHome, matchsPlayedAway, winsHome,winsAway, drawsHome, drawsAway, losesHome, losesAway, goalsForHome,goalsForAway, goalsAgainstHome, goalsAgainstAway,matchsPlayedTotal, winsTotal, drawsTotal, losesTotal, goalsForTotal, goalsAgainstTotal, goalsDiff, position, team_stats.group, points, forme) VALUES (12, 2826, 218,5,3,2,0,1,1,2,2,4,2,7,7,8,2,2,4,6,14,-8,12,"Primeira Liga", 8,"LWLWD");
INSERT INTO team (idteam, name, logo) VALUES (221, "Belenenses", "https://media.api-sports.io/football/teams/221.png");
		INSERT INTO team_stats (idteam_stats, idleague, idteam, matchsPlayedHome, matchsPlayedAway, winsHome,winsAway, drawsHome, drawsAway, losesHome, losesAway, goalsForHome,goalsForAway, goalsAgainstHome, goalsAgainstAway,matchsPlayedTotal, winsTotal, drawsTotal, losesTotal, goalsForTotal, goalsAgainstTotal, goalsDiff, position, team_stats.group, points, forme) VALUES (13, 2826, 221,4,3,0,1,3,1,1,1,2,1,3,2,7,1,4,2,3,5,-2,13,"Primeira Liga", 7,"DDLDD");
INSERT INTO team (idteam, name, logo) VALUES (214, "Maritimo", "https://media.api-sports.io/football/teams/214.png");
		INSERT INTO team_stats (idteam_stats, idleague, idteam, matchsPlayedHome, matchsPlayedAway, winsHome,winsAway, drawsHome, drawsAway, losesHome, losesAway, goalsForHome,goalsForAway, goalsAgainstHome, goalsAgainstAway,matchsPlayedTotal, winsTotal, drawsTotal, losesTotal, goalsForTotal, goalsAgainstTotal, goalsDiff, position, team_stats.group, points, forme) VALUES (14, 2826, 214,3,4,1,1,1,0,1,3,3,5,3,8,7,2,1,4,8,11,-3,14,"Primeira Liga", 7,"LDLLW");
INSERT INTO team (idteam, name, logo) VALUES (222, "Boavista", "https://media.api-sports.io/football/teams/222.png");
		INSERT INTO team_stats (idteam_stats, idleague, idteam, matchsPlayedHome, matchsPlayedAway, winsHome,winsAway, drawsHome, drawsAway, losesHome, losesAway, goalsForHome,goalsForAway, goalsAgainstHome, goalsAgainstAway,matchsPlayedTotal, winsTotal, drawsTotal, losesTotal, goalsForTotal, goalsAgainstTotal, goalsDiff, position, team_stats.group, points, forme) VALUES (15, 2826, 222,3,4,1,0,0,3,2,1,3,7,6,9,7,1,3,3,10,15,-5,15,"Primeira Liga", 6,"LWDLD");
INSERT INTO team (idteam, name, logo) VALUES (231, "Farense", "https://media.api-sports.io/football/teams/231.png");
		INSERT INTO team_stats (idteam_stats, idleague, idteam, matchsPlayedHome, matchsPlayedAway, winsHome,winsAway, drawsHome, drawsAway, losesHome, losesAway, goalsForHome,goalsForAway, goalsAgainstHome, goalsAgainstAway,matchsPlayedTotal, winsTotal, drawsTotal, losesTotal, goalsForTotal, goalsAgainstTotal, goalsDiff, position, team_stats.group, points, forme) VALUES (16, 2826, 231,4,3,1,0,1,1,2,2,6,3,6,6,7,1,2,4,9,12,-3,16,"Primeira Liga", 5,"WDLDL");
INSERT INTO team (idteam, name, logo) VALUES (762, "GIL Vicente", "https://media.api-sports.io/football/teams/762.png");
		INSERT INTO team_stats (idteam_stats, idleague, idteam, matchsPlayedHome, matchsPlayedAway, winsHome,winsAway, drawsHome, drawsAway, losesHome, losesAway, goalsForHome,goalsForAway, goalsAgainstHome, goalsAgainstAway,matchsPlayedTotal, winsTotal, drawsTotal, losesTotal, goalsForTotal, goalsAgainstTotal, goalsDiff, position, team_stats.group, points, forme) VALUES (17, 2826, 762,3,4,1,0,1,1,1,3,3,2,3,6,7,1,2,4,5,9,-4,17,"Primeira Liga", 5,"LLLLD");
INSERT INTO team (idteam, name, logo) VALUES (216, "Portimonense", "https://media.api-sports.io/football/teams/216.png");
		INSERT INTO team_stats (idteam_stats, idleague, idteam, matchsPlayedHome, matchsPlayedAway, winsHome,winsAway, drawsHome, drawsAway, losesHome, losesAway, goalsForHome,goalsForAway, goalsAgainstHome, goalsAgainstAway,matchsPlayedTotal, winsTotal, drawsTotal, losesTotal, goalsForTotal, goalsAgainstTotal, goalsDiff, position, team_stats.group, points, forme) VALUES (18, 2826, 216,3,4,0,1,1,0,2,3,2,3,5,6,7,1,1,5,5,11,-6,18,"Primeira Liga", 4,"LLLWL");
INSERT INTO team (idteam, name, logo) VALUES (40, "Liverpool", "https://media.api-sports.io/football/teams/40.png");
		INSERT INTO team_stats (idteam_stats, idleague, idteam, matchsPlayedHome, matchsPlayedAway, winsHome,winsAway, drawsHome, drawsAway, losesHome, losesAway, goalsForHome,goalsForAway, goalsAgainstHome, goalsAgainstAway,matchsPlayedTotal, winsTotal, drawsTotal, losesTotal, goalsForTotal, goalsAgainstTotal, goalsDiff, position, team_stats.group, points, forme) VALUES (19, 2790, 40,5,5,5,1,0,3,0,1,14,8,6,11,10,6,3,1,22,17,5,1,"Premier League", 21,"DWDWW");
INSERT INTO team (idteam, name, logo) VALUES (47, "Tottenham", "https://media.api-sports.io/football/teams/47.png");
		INSERT INTO team_stats (idteam_stats, idleague, idteam, matchsPlayedHome, matchsPlayedAway, winsHome,winsAway, drawsHome, drawsAway, losesHome, losesAway, goalsForHome,goalsForAway, goalsAgainstHome, goalsAgainstAway,matchsPlayedTotal, winsTotal, drawsTotal, losesTotal, goalsForTotal, goalsAgainstTotal, goalsDiff, position, team_stats.group, points, forme) VALUES (20, 2790, 47,5,4,2,4,2,0,1,0,8,13,6,3,9,6,2,1,21,9,12,2,"Premier League", 20,"WWWWD");
INSERT INTO team (idteam, name, logo) VALUES (49, "Chelsea", "https://media.api-sports.io/football/teams/49.png");
		INSERT INTO team_stats (idteam_stats, idleague, idteam, matchsPlayedHome, matchsPlayedAway, winsHome,winsAway, drawsHome, drawsAway, losesHome, losesAway, goalsForHome,goalsForAway, goalsAgainstHome, goalsAgainstAway,matchsPlayedTotal, winsTotal, drawsTotal, losesTotal, goalsForTotal, goalsAgainstTotal, goalsDiff, position, team_stats.group, points, forme) VALUES (21, 2790, 49,4,5,2,3,1,2,1,0,11,11,6,4,9,5,3,1,22,10,12,3,"Premier League", 18,"WWWDD");
INSERT INTO team (idteam, name, logo) VALUES (46, "Leicester", "https://media.api-sports.io/football/teams/46.png");
		INSERT INTO team_stats (idteam_stats, idleague, idteam, matchsPlayedHome, matchsPlayedAway, winsHome,winsAway, drawsHome, drawsAway, losesHome, losesAway, goalsForHome,goalsForAway, goalsAgainstHome, goalsAgainstAway,matchsPlayedTotal, winsTotal, drawsTotal, losesTotal, goalsForTotal, goalsAgainstTotal, goalsDiff, position, team_stats.group, points, forme) VALUES (22, 2790, 46,4,5,2,4,0,0,2,1,5,13,6,6,9,6,0,3,18,12,6,4,"Premier League", 18,"LWWWL");
INSERT INTO team (idteam, name, logo) VALUES (41, "Southampton", "https://media.api-sports.io/football/teams/41.png");
		INSERT INTO team_stats (idteam_stats, idleague, idteam, matchsPlayedHome, matchsPlayedAway, winsHome,winsAway, drawsHome, drawsAway, losesHome, losesAway, goalsForHome,goalsForAway, goalsAgainstHome, goalsAgainstAway,matchsPlayedTotal, winsTotal, drawsTotal, losesTotal, goalsForTotal, goalsAgainstTotal, goalsDiff, position, team_stats.group, points, forme) VALUES (23, 2790, 41,4,5,3,2,0,2,1,1,8,9,5,8,9,5,2,2,17,13,4,5,"Premier League", 17,"DWWWD");
INSERT INTO team (idteam, name, logo) VALUES (45, "Everton", "https://media.api-sports.io/football/teams/45.png");
		INSERT INTO team_stats (idteam_stats, idleague, idteam, matchsPlayedHome, matchsPlayedAway, winsHome,winsAway, drawsHome, drawsAway, losesHome, losesAway, goalsForHome,goalsForAway, goalsAgainstHome, goalsAgainstAway,matchsPlayedTotal, winsTotal, drawsTotal, losesTotal, goalsForTotal, goalsAgainstTotal, goalsDiff, position, team_stats.group, points, forme) VALUES (24, 2790, 45,4,5,2,3,1,0,1,2,12,7,9,7,9,5,1,3,19,16,3,6,"Premier League", 16,"WLLLD");
INSERT INTO team (idteam, name, logo) VALUES (66, "Aston Villa", "https://media.api-sports.io/football/teams/66.png");
		INSERT INTO team_stats (idteam_stats, idleague, idteam, matchsPlayedHome, matchsPlayedAway, winsHome,winsAway, drawsHome, drawsAway, losesHome, losesAway, goalsForHome,goalsForAway, goalsAgainstHome, goalsAgainstAway,matchsPlayedTotal, winsTotal, drawsTotal, losesTotal, goalsForTotal, goalsAgainstTotal, goalsDiff, position, team_stats.group, points, forme) VALUES (25, 2790, 66,5,3,2,3,0,0,3,0,12,7,11,0,8,5,0,3,19,11,8,7,"Premier League", 15,"LWLLW");
INSERT INTO team (idteam, name, logo) VALUES (48, "West Ham", "https://media.api-sports.io/football/teams/48.png");
		INSERT INTO team_stats (idteam_stats, idleague, idteam, matchsPlayedHome, matchsPlayedAway, winsHome,winsAway, drawsHome, drawsAway, losesHome, losesAway, goalsForHome,goalsForAway, goalsAgainstHome, goalsAgainstAway,matchsPlayedTotal, winsTotal, drawsTotal, losesTotal, goalsForTotal, goalsAgainstTotal, goalsDiff, position, team_stats.group, points, forme) VALUES (26, 2790, 48,4,5,2,2,1,1,1,2,6,9,3,7,9,4,2,3,15,10,5,8,"Premier League", 14,"WWLDD");
INSERT INTO team (idteam, name, logo) VALUES (39, "Wolves", "https://media.api-sports.io/football/teams/39.png");
		INSERT INTO team_stats (idteam_stats, idleague, idteam, matchsPlayedHome, matchsPlayedAway, winsHome,winsAway, drawsHome, drawsAway, losesHome, losesAway, goalsForHome,goalsForAway, goalsAgainstHome, goalsAgainstAway,matchsPlayedTotal, winsTotal, drawsTotal, losesTotal, goalsForTotal, goalsAgainstTotal, goalsDiff, position, team_stats.group, points, forme) VALUES (27, 2790, 39,5,4,2,2,2,0,1,2,6,3,5,5,9,4,2,3,9,10,-1,9,"Premier League", 14,"DLWDW");
INSERT INTO team (idteam, name, logo) VALUES (34, "Newcastle", "https://media.api-sports.io/football/teams/34.png");
		INSERT INTO team_stats (idteam_stats, idleague, idteam, matchsPlayedHome, matchsPlayedAway, winsHome,winsAway, drawsHome, drawsAway, losesHome, losesAway, goalsForHome,goalsForAway, goalsAgainstHome, goalsAgainstAway,matchsPlayedTotal, winsTotal, drawsTotal, losesTotal, goalsForTotal, goalsAgainstTotal, goalsDiff, position, team_stats.group, points, forme) VALUES (28, 2790, 34,5,5,2,2,0,2,3,1,6,6,11,4,10,4,2,4,12,15,-3,10,"Premier League", 14,"WLLWD");
INSERT INTO team (idteam, name, logo) VALUES (33, "Manchester United", "https://media.api-sports.io/football/teams/33.png");
		INSERT INTO team_stats (idteam_stats, idleague, idteam, matchsPlayedHome, matchsPlayedAway, winsHome,winsAway, drawsHome, drawsAway, losesHome, losesAway, goalsForHome,goalsForAway, goalsAgainstHome, goalsAgainstAway,matchsPlayedTotal, winsTotal, drawsTotal, losesTotal, goalsForTotal, goalsAgainstTotal, goalsDiff, position, team_stats.group, points, forme) VALUES (29, 2790, 33,5,3,1,3,1,0,3,0,3,10,10,4,8,4,1,3,13,14,-1,11,"Premier League", 13,"WWLDW");
INSERT INTO team (idteam, name, logo) VALUES (42, "Arsenal", "https://media.api-sports.io/football/teams/42.png");
		INSERT INTO team_stats (idteam_stats, idleague, idteam, matchsPlayedHome, matchsPlayedAway, winsHome,winsAway, drawsHome, drawsAway, losesHome, losesAway, goalsForHome,goalsForAway, goalsAgainstHome, goalsAgainstAway,matchsPlayedTotal, winsTotal, drawsTotal, losesTotal, goalsForTotal, goalsAgainstTotal, goalsDiff, position, team_stats.group, points, forme) VALUES (30, 2790, 42,4,5,2,2,0,1,2,2,4,5,6,4,9,4,1,4,9,10,-1,12,"Premier League", 13,"DLWLL");
INSERT INTO team (idteam, name, logo) VALUES (52, "Crystal Palace", "https://media.api-sports.io/football/teams/52.png");
		INSERT INTO team_stats (idteam_stats, idleague, idteam, matchsPlayedHome, matchsPlayedAway, winsHome,winsAway, drawsHome, drawsAway, losesHome, losesAway, goalsForHome,goalsForAway, goalsAgainstHome, goalsAgainstAway,matchsPlayedTotal, winsTotal, drawsTotal, losesTotal, goalsForTotal, goalsAgainstTotal, goalsDiff, position, team_stats.group, points, forme) VALUES (31, 2790, 52,5,5,2,2,1,0,2,3,7,5,6,9,10,4,1,5,12,15,-3,13,"Premier League", 13,"LLWLW");
INSERT INTO team (idteam, name, logo) VALUES (50, "Manchester City", "https://media.api-sports.io/football/teams/50.png");
		INSERT INTO team_stats (idteam_stats, idleague, idteam, matchsPlayedHome, matchsPlayedAway, winsHome,winsAway, drawsHome, drawsAway, losesHome, losesAway, goalsForHome,goalsForAway, goalsAgainstHome, goalsAgainstAway,matchsPlayedTotal, winsTotal, drawsTotal, losesTotal, goalsForTotal, goalsAgainstTotal, goalsDiff, position, team_stats.group, points, forme) VALUES (32, 2790, 50,3,5,1,2,1,2,1,1,4,6,6,5,8,3,3,2,10,11,-1,14,"Premier League", 12,"LDWDW");
INSERT INTO team (idteam, name, logo) VALUES (63, "Leeds", "https://media.api-sports.io/football/teams/63.png");
		INSERT INTO team_stats (idteam_stats, idleague, idteam, matchsPlayedHome, matchsPlayedAway, winsHome,winsAway, drawsHome, drawsAway, losesHome, losesAway, goalsForHome,goalsForAway, goalsAgainstHome, goalsAgainstAway,matchsPlayedTotal, winsTotal, drawsTotal, losesTotal, goalsForTotal, goalsAgainstTotal, goalsDiff, position, team_stats.group, points, forme) VALUES (33, 2790, 63,5,4,1,2,2,0,2,2,6,8,9,8,9,3,2,4,14,17,-3,15,"Premier League", 11,"DLLWL");
INSERT INTO team (idteam, name, logo) VALUES (51, "Brighton", "https://media.api-sports.io/football/teams/51.png");
		INSERT INTO team_stats (idteam_stats, idleague, idteam, matchsPlayedHome, matchsPlayedAway, winsHome,winsAway, drawsHome, drawsAway, losesHome, losesAway, goalsForHome,goalsForAway, goalsAgainstHome, goalsAgainstAway,matchsPlayedTotal, winsTotal, drawsTotal, losesTotal, goalsForTotal, goalsAgainstTotal, goalsDiff, position, team_stats.group, points, forme) VALUES (34, 2790, 51,5,5,0,2,3,1,2,2,5,9,8,8,10,2,4,4,14,16,-2,16,"Premier League", 10,"DWDLD");
INSERT INTO team (idteam, name, logo) VALUES (44, "Burnley", "https://media.api-sports.io/football/teams/44.png");
		INSERT INTO team_stats (idteam_stats, idleague, idteam, matchsPlayedHome, matchsPlayedAway, winsHome,winsAway, drawsHome, drawsAway, losesHome, losesAway, goalsForHome,goalsForAway, goalsAgainstHome, goalsAgainstAway,matchsPlayedTotal, winsTotal, drawsTotal, losesTotal, goalsForTotal, goalsAgainstTotal, goalsDiff, position, team_stats.group, points, forme) VALUES (35, 2790, 44,4,4,1,0,0,2,3,2,1,3,5,7,8,1,2,5,4,12,-8,17,"Premier League", 5,"WDLLD");
INSERT INTO team (idteam, name, logo) VALUES (36, "Fulham", "https://media.api-sports.io/football/teams/36.png");
		INSERT INTO team_stats (idteam_stats, idleague, idteam, matchsPlayedHome, matchsPlayedAway, winsHome,winsAway, drawsHome, drawsAway, losesHome, losesAway, goalsForHome,goalsForAway, goalsAgainstHome, goalsAgainstAway,matchsPlayedTotal, winsTotal, drawsTotal, losesTotal, goalsForTotal, goalsAgainstTotal, goalsDiff, position, team_stats.group, points, forme) VALUES (36, 2790, 36,5,4,1,0,0,1,4,3,5,4,11,7,9,1,1,7,9,18,-9,18,"Premier League", 4,"LLWLD");
INSERT INTO team (idteam, name, logo) VALUES (60, "West Brom", "https://media.api-sports.io/football/teams/60.png");
		INSERT INTO team_stats (idteam_stats, idleague, idteam, matchsPlayedHome, matchsPlayedAway, winsHome,winsAway, drawsHome, drawsAway, losesHome, losesAway, goalsForHome,goalsForAway, goalsAgainstHome, goalsAgainstAway,matchsPlayedTotal, winsTotal, drawsTotal, losesTotal, goalsForTotal, goalsAgainstTotal, goalsDiff, position, team_stats.group, points, forme) VALUES (37, 2790, 60,4,5,0,0,2,1,2,4,3,3,7,11,9,0,3,6,6,18,-12,19,"Premier League", 3,"LLLDD");
INSERT INTO team (idteam, name, logo) VALUES (62, "Sheffield Utd", "https://media.api-sports.io/football/teams/62.png");
		INSERT INTO team_stats (idteam_stats, idleague, idteam, matchsPlayedHome, matchsPlayedAway, winsHome,winsAway, drawsHome, drawsAway, losesHome, losesAway, goalsForHome,goalsForAway, goalsAgainstHome, goalsAgainstAway,matchsPlayedTotal, winsTotal, drawsTotal, losesTotal, goalsForTotal, goalsAgainstTotal, goalsDiff, position, team_stats.group, points, forme) VALUES (38, 2790, 62,5,4,0,0,1,0,4,4,1,3,6,9,9,0,1,8,4,15,-11,20,"Premier League", 1,"LLLLD");
INSERT INTO team (idteam, name, logo) VALUES (548, "Real Sociedad", "https://media.api-sports.io/football/teams/548.png");
		INSERT INTO team_stats (idteam_stats, idleague, idteam, matchsPlayedHome, matchsPlayedAway, winsHome,winsAway, drawsHome, drawsAway, losesHome, losesAway, goalsForHome,goalsForAway, goalsAgainstHome, goalsAgainstAway,matchsPlayedTotal, winsTotal, drawsTotal, losesTotal, goalsForTotal, goalsAgainstTotal, goalsDiff, position, team_stats.group, points, forme) VALUES (39, 2833, 548,5,5,3,4,1,1,1,0,9,12,2,2,10,7,2,1,21,4,17,1,"Primera División", 23,"WWWWW");
INSERT INTO team (idteam, name, logo) VALUES (530, "Atletico Madrid", "https://media.api-sports.io/football/teams/530.png");
		INSERT INTO team_stats (idteam_stats, idleague, idteam, matchsPlayedHome, matchsPlayedAway, winsHome,winsAway, drawsHome, drawsAway, losesHome, losesAway, goalsForHome,goalsForAway, goalsAgainstHome, goalsAgainstAway,matchsPlayedTotal, winsTotal, drawsTotal, losesTotal, goalsForTotal, goalsAgainstTotal, goalsDiff, position, team_stats.group, points, forme) VALUES (40, 2833, 530,5,3,4,2,1,1,0,0,13,5,1,1,8,6,2,0,18,2,16,2,"Primera División", 20,"WWWWW");
INSERT INTO team (idteam, name, logo) VALUES (533, "Villarreal", "https://media.api-sports.io/football/teams/533.png");
		INSERT INTO team_stats (idteam_stats, idleague, idteam, matchsPlayedHome, matchsPlayedAway, winsHome,winsAway, drawsHome, drawsAway, losesHome, losesAway, goalsForHome,goalsForAway, goalsAgainstHome, goalsAgainstAway,matchsPlayedTotal, winsTotal, drawsTotal, losesTotal, goalsForTotal, goalsAgainstTotal, goalsDiff, position, team_stats.group, points, forme) VALUES (41, 2833, 533,6,4,4,1,2,2,0,1,11,3,5,5,10,5,4,1,14,10,4,3,"Primera División", 19,"DWWDW");
INSERT INTO team (idteam, name, logo) VALUES (541, "Real Madrid", "https://media.api-sports.io/football/teams/541.png");
		INSERT INTO team_stats (idteam_stats, idleague, idteam, matchsPlayedHome, matchsPlayedAway, winsHome,winsAway, drawsHome, drawsAway, losesHome, losesAway, goalsForHome,goalsForAway, goalsAgainstHome, goalsAgainstAway,matchsPlayedTotal, winsTotal, drawsTotal, losesTotal, goalsForTotal, goalsAgainstTotal, goalsDiff, position, team_stats.group, points, forme) VALUES (42, 2833, 541,3,6,2,3,0,2,1,1,5,10,2,8,9,5,2,2,15,10,5,4,"Primera División", 17,"DLWWL");
INSERT INTO team (idteam, name, logo) VALUES (724, "Cadiz", "https://media.api-sports.io/football/teams/724.png");
		INSERT INTO team_stats (idteam_stats, idleague, idteam, matchsPlayedHome, matchsPlayedAway, winsHome,winsAway, drawsHome, drawsAway, losesHome, losesAway, goalsForHome,goalsForAway, goalsAgainstHome, goalsAgainstAway,matchsPlayedTotal, winsTotal, drawsTotal, losesTotal, goalsForTotal, goalsAgainstTotal, goalsDiff, position, team_stats.group, points, forme) VALUES (43, 2833, 724,5,5,0,4,2,0,3,1,2,6,7,4,10,4,2,4,8,11,-3,5,"Primera División", 14,"LLWDW");
INSERT INTO team (idteam, name, logo) VALUES (715, "Granada CF", "https://media.api-sports.io/football/teams/715.png");
		INSERT INTO team_stats (idteam_stats, idleague, idteam, matchsPlayedHome, matchsPlayedAway, winsHome,winsAway, drawsHome, drawsAway, losesHome, losesAway, goalsForHome,goalsForAway, goalsAgainstHome, goalsAgainstAway,matchsPlayedTotal, winsTotal, drawsTotal, losesTotal, goalsForTotal, goalsAgainstTotal, goalsDiff, position, team_stats.group, points, forme) VALUES (44, 2833, 715,5,4,3,1,1,1,1,2,7,3,5,9,9,4,2,3,10,14,-4,6,"Primera División", 14,"LLDWW");
INSERT INTO team (idteam, name, logo) VALUES (536, "Sevilla", "https://media.api-sports.io/football/teams/536.png");
		INSERT INTO team_stats (idteam_stats, idleague, idteam, matchsPlayedHome, matchsPlayedAway, winsHome,winsAway, drawsHome, drawsAway, losesHome, losesAway, goalsForHome,goalsForAway, goalsAgainstHome, goalsAgainstAway,matchsPlayedTotal, winsTotal, drawsTotal, losesTotal, goalsForTotal, goalsAgainstTotal, goalsDiff, position, team_stats.group, points, forme) VALUES (45, 2833, 536,4,4,3,1,0,1,1,2,6,5,3,5,8,4,1,3,11,8,3,7,"Primera División", 13,"WWLLL");
INSERT INTO team (idteam, name, logo) VALUES (531, "Athletic Club", "https://media.api-sports.io/football/teams/531.png");
		INSERT INTO team_stats (idteam_stats, idleague, idteam, matchsPlayedHome, matchsPlayedAway, winsHome,winsAway, drawsHome, drawsAway, losesHome, losesAway, goalsForHome,goalsForAway, goalsAgainstHome, goalsAgainstAway,matchsPlayedTotal, winsTotal, drawsTotal, losesTotal, goalsForTotal, goalsAgainstTotal, goalsDiff, position, team_stats.group, points, forme) VALUES (46, 2833, 531,4,5,3,1,0,0,1,4,8,3,2,7,9,4,0,5,11,9,2,8,"Primera División", 12,"WLWLW");
INSERT INTO team (idteam, name, logo) VALUES (532, "Valencia", "https://media.api-sports.io/football/teams/532.png");
		INSERT INTO team_stats (idteam_stats, idleague, idteam, matchsPlayedHome, matchsPlayedAway, winsHome,winsAway, drawsHome, drawsAway, losesHome, losesAway, goalsForHome,goalsForAway, goalsAgainstHome, goalsAgainstAway,matchsPlayedTotal, winsTotal, drawsTotal, losesTotal, goalsForTotal, goalsAgainstTotal, goalsDiff, position, team_stats.group, points, forme) VALUES (47, 2833, 532,5,5,2,1,2,1,1,3,11,6,8,8,10,3,3,4,17,16,1,9,"Primera División", 12,"DWDLL");
INSERT INTO team (idteam, name, logo) VALUES (797, "Elche", "https://media.api-sports.io/football/teams/797.png");
		INSERT INTO team_stats (idteam_stats, idleague, idteam, matchsPlayedHome, matchsPlayedAway, winsHome,winsAway, drawsHome, drawsAway, losesHome, losesAway, goalsForHome,goalsForAway, goalsAgainstHome, goalsAgainstAway,matchsPlayedTotal, winsTotal, drawsTotal, losesTotal, goalsForTotal, goalsAgainstTotal, goalsDiff, position, team_stats.group, points, forme) VALUES (48, 2833, 797,4,4,1,2,2,1,1,1,3,5,5,4,8,3,3,2,8,9,-1,10,"Primera División", 12,"DDLWW");
INSERT INTO team (idteam, name, logo) VALUES (546, "Getafe", "https://media.api-sports.io/football/teams/546.png");
		INSERT INTO team_stats (idteam_stats, idleague, idteam, matchsPlayedHome, matchsPlayedAway, winsHome,winsAway, drawsHome, drawsAway, losesHome, losesAway, goalsForHome,goalsForAway, goalsAgainstHome, goalsAgainstAway,matchsPlayedTotal, winsTotal, drawsTotal, losesTotal, goalsForTotal, goalsAgainstTotal, goalsDiff, position, team_stats.group, points, forme) VALUES (49, 2833, 546,5,4,3,0,0,3,2,1,6,2,4,5,9,3,3,3,8,9,-1,11,"Primera División", 12,"DLDLW");
INSERT INTO team (idteam, name, logo) VALUES (543, "Real Betis", "https://media.api-sports.io/football/teams/543.png");
		INSERT INTO team_stats (idteam_stats, idleague, idteam, matchsPlayedHome, matchsPlayedAway, winsHome,winsAway, drawsHome, drawsAway, losesHome, losesAway, goalsForHome,goalsForAway, goalsAgainstHome, goalsAgainstAway,matchsPlayedTotal, winsTotal, drawsTotal, losesTotal, goalsForTotal, goalsAgainstTotal, goalsDiff, position, team_stats.group, points, forme) VALUES (50, 2833, 543,4,6,2,2,0,0,2,4,7,5,7,14,10,4,0,6,12,21,-9,12,"Primera División", 12,"LLWLL");
INSERT INTO team (idteam, name, logo) VALUES (529, "Barcelona", "https://media.api-sports.io/football/teams/529.png");
		INSERT INTO team_stats (idteam_stats, idleague, idteam, matchsPlayedHome, matchsPlayedAway, winsHome,winsAway, drawsHome, drawsAway, losesHome, losesAway, goalsForHome,goalsForAway, goalsAgainstHome, goalsAgainstAway,matchsPlayedTotal, winsTotal, drawsTotal, losesTotal, goalsForTotal, goalsAgainstTotal, goalsDiff, position, team_stats.group, points, forme) VALUES (51, 2833, 529,4,4,2,1,1,1,1,2,11,4,6,3,8,3,2,3,15,9,6,13,"Primera División", 11,"LWDLL");
INSERT INTO team (idteam, name, logo) VALUES (727, "Osasuna", "https://media.api-sports.io/football/teams/727.png");
		INSERT INTO team_stats (idteam_stats, idleague, idteam, matchsPlayedHome, matchsPlayedAway, winsHome,winsAway, drawsHome, drawsAway, losesHome, losesAway, goalsForHome,goalsForAway, goalsAgainstHome, goalsAgainstAway,matchsPlayedTotal, winsTotal, drawsTotal, losesTotal, goalsForTotal, goalsAgainstTotal, goalsDiff, position, team_stats.group, points, forme) VALUES (52, 2833, 727,5,4,2,1,1,1,2,2,6,2,7,2,9,3,2,4,8,9,-1,14,"Primera División", 11,"DLLWD");
INSERT INTO team (idteam, name, logo) VALUES (542, "Alaves", "https://media.api-sports.io/football/teams/542.png");
		INSERT INTO team_stats (idteam_stats, idleague, idteam, matchsPlayedHome, matchsPlayedAway, winsHome,winsAway, drawsHome, drawsAway, losesHome, losesAway, goalsForHome,goalsForAway, goalsAgainstHome, goalsAgainstAway,matchsPlayedTotal, winsTotal, drawsTotal, losesTotal, goalsForTotal, goalsAgainstTotal, goalsDiff, position, team_stats.group, points, forme) VALUES (53, 2833, 542,6,4,1,1,3,1,2,2,4,5,6,6,10,2,4,4,9,12,-3,15,"Primera División", 10,"DDDWL");
INSERT INTO team (idteam, name, logo) VALUES (545, "Eibar", "https://media.api-sports.io/football/teams/545.png");
		INSERT INTO team_stats (idteam_stats, idleague, idteam, matchsPlayedHome, matchsPlayedAway, winsHome,winsAway, drawsHome, drawsAway, losesHome, losesAway, goalsForHome,goalsForAway, goalsAgainstHome, goalsAgainstAway,matchsPlayedTotal, winsTotal, drawsTotal, losesTotal, goalsForTotal, goalsAgainstTotal, goalsDiff, position, team_stats.group, points, forme) VALUES (54, 2833, 545,6,4,0,2,3,1,3,1,1,5,5,4,10,2,4,4,6,9,-3,16,"Primera División", 10,"DDLWD");
INSERT INTO team (idteam, name, logo) VALUES (720, "Valladolid", "https://media.api-sports.io/football/teams/720.png");
		INSERT INTO team_stats (idteam_stats, idleague, idteam, matchsPlayedHome, matchsPlayedAway, winsHome,winsAway, drawsHome, drawsAway, losesHome, losesAway, goalsForHome,goalsForAway, goalsAgainstHome, goalsAgainstAway,matchsPlayedTotal, winsTotal, drawsTotal, losesTotal, goalsForTotal, goalsAgainstTotal, goalsDiff, position, team_stats.group, points, forme) VALUES (55, 2833, 720,6,5,1,1,3,1,2,3,6,5,8,8,11,2,4,5,11,16,-5,17,"Primera División", 10,"DWWLL");
INSERT INTO team (idteam, name, logo) VALUES (539, "Levante", "https://media.api-sports.io/football/teams/539.png");
		INSERT INTO team_stats (idteam_stats, idleague, idteam, matchsPlayedHome, matchsPlayedAway, winsHome,winsAway, drawsHome, drawsAway, losesHome, losesAway, goalsForHome,goalsForAway, goalsAgainstHome, goalsAgainstAway,matchsPlayedTotal, winsTotal, drawsTotal, losesTotal, goalsForTotal, goalsAgainstTotal, goalsDiff, position, team_stats.group, points, forme) VALUES (56, 2833, 539,4,6,0,1,3,2,1,3,3,7,5,10,10,1,5,4,10,15,-5,18,"Primera División", 8,"DDDDD");
INSERT INTO team (idteam, name, logo) VALUES (726, "Huesca", "https://media.api-sports.io/football/teams/726.png");
		INSERT INTO team_stats (idteam_stats, idleague, idteam, matchsPlayedHome, matchsPlayedAway, winsHome,winsAway, drawsHome, drawsAway, losesHome, losesAway, goalsForHome,goalsForAway, goalsAgainstHome, goalsAgainstAway,matchsPlayedTotal, winsTotal, drawsTotal, losesTotal, goalsForTotal, goalsAgainstTotal, goalsDiff, position, team_stats.group, points, forme) VALUES (57, 2833, 726,4,6,0,0,3,4,1,2,3,5,5,11,10,0,7,3,8,16,-8,19,"Primera División", 7,"DDLLD");
INSERT INTO team (idteam, name, logo) VALUES (538, "Celta Vigo", "https://media.api-sports.io/football/teams/538.png");
		INSERT INTO team_stats (idteam_stats, idleague, idteam, matchsPlayedHome, matchsPlayedAway, winsHome,winsAway, drawsHome, drawsAway, losesHome, losesAway, goalsForHome,goalsForAway, goalsAgainstHome, goalsAgainstAway,matchsPlayedTotal, winsTotal, drawsTotal, losesTotal, goalsForTotal, goalsAgainstTotal, goalsDiff, position, team_stats.group, points, forme) VALUES (58, 2833, 538,4,6,1,0,0,4,3,2,3,5,10,9,10,1,4,5,8,19,-11,20,"Primera División", 7,"LDLDL");

INSERT INTO fixture (idfixture, begintime, hometeam,awayteam, idleague, state, oddhome, oddaway, odddraw, scoreHome, scoreAway) VALUES (601085,"2020-11-27T19:00:00", 234, 242,2826, "Match Finished", 0,0,0, 0, 0);
		INSERT INTO h2h (idh2h, idfixture, homeTeamId, awayTeamId, score, date)VALUES (1,601085,234, 242,"1-2", "2018-08-26T16:00:00");
		INSERT INTO h2h (idh2h, idfixture, homeTeamId, awayTeamId, score, date)VALUES (2,601085,242, 234,"0-1", "2019-02-05T20:15:00");
		INSERT INTO h2h (idh2h, idfixture, homeTeamId, awayTeamId, score, date)VALUES (3,601085,242, 234,"4-2", "2019-09-14T15:30:00");
		INSERT INTO h2h (idh2h, idfixture, homeTeamId, awayTeamId, score, date)VALUES (4,601085,234, 242,"0-1", "2020-01-15T20:00:00");
		INSERT INTO h2h (idh2h, idfixture, homeTeamId, awayTeamId, score, date)VALUES (5,601085,234, 242,"2-1", "2020-02-23T15:00:00");
		INSERT INTO h2h (idh2h, idfixture, homeTeamId, awayTeamId, score, date)VALUES (6,601085,234, 242,"2-0", "2020-11-27T19:00:00");
		INSERT INTO h2h (idh2h, idfixture, homeTeamId, awayTeamId, score, date)VALUES (7,601085,242, 234,"None", "2021-04-03T15:00:00");
INSERT INTO fixture (idfixture, begintime, hometeam,awayteam, idleague, state, oddhome, oddaway, odddraw, scoreHome, scoreAway) VALUES (592234,"2020-11-27T20:00:00", 52, 34,2790, "Match Finished", 0,0,0, 0, 0);
		INSERT INTO h2h (idh2h, idfixture, homeTeamId, awayTeamId, score, date)VALUES (8,592234,52, 34,"0-3", "2013-12-21T15:00:00");
		INSERT INTO h2h (idh2h, idfixture, homeTeamId, awayTeamId, score, date)VALUES (9,592234,34, 52,"1-0", "2014-03-22T15:00:00");
		INSERT INTO h2h (idh2h, idfixture, homeTeamId, awayTeamId, score, date)VALUES (10,592234,34, 52,"3-3", "2014-08-30T14:00:00");
		INSERT INTO h2h (idh2h, idfixture, homeTeamId, awayTeamId, score, date)VALUES (11,592234,52, 34,"2-2", "2014-09-24T19:00:00");
		INSERT INTO h2h (idh2h, idfixture, homeTeamId, awayTeamId, score, date)VALUES (12,592234,52, 34,"1-1", "2015-02-11T20:00:00");
		INSERT INTO h2h (idh2h, idfixture, homeTeamId, awayTeamId, score, date)VALUES (13,592234,52, 34,"5-1", "2015-11-28T15:00:00");
		INSERT INTO h2h (idh2h, idfixture, homeTeamId, awayTeamId, score, date)VALUES (14,592234,34, 52,"1-0", "2016-04-30T14:00:00");
		INSERT INTO h2h (idh2h, idfixture, homeTeamId, awayTeamId, score, date)VALUES (15,592234,34, 52,"1-0", "2017-10-21T14:00:00");
		INSERT INTO h2h (idh2h, idfixture, homeTeamId, awayTeamId, score, date)VALUES (16,592234,52, 34,"1-1", "2018-02-04T14:15:00");
		INSERT INTO h2h (idh2h, idfixture, homeTeamId, awayTeamId, score, date)VALUES (17,592234,52, 34,"0-0", "2018-09-22T14:00:00");
		INSERT INTO h2h (idh2h, idfixture, homeTeamId, awayTeamId, score, date)VALUES (18,592234,34, 52,"0-1", "2019-04-06T14:00:00");
		INSERT INTO h2h (idh2h, idfixture, homeTeamId, awayTeamId, score, date)VALUES (19,592234,34, 52,"1-0", "2019-12-21T15:00:00");
		INSERT INTO h2h (idh2h, idfixture, homeTeamId, awayTeamId, score, date)VALUES (20,592234,52, 34,"1-0", "2020-02-22T15:00:00");
		INSERT INTO h2h (idh2h, idfixture, homeTeamId, awayTeamId, score, date)VALUES (21,592234,52, 34,"0-2", "2020-11-27T20:00:00");
		INSERT INTO h2h (idh2h, idfixture, homeTeamId, awayTeamId, score, date)VALUES (22,592234,34, 52,"None", "2021-02-03T19:45:00");
INSERT INTO fixture (idfixture, begintime, hometeam,awayteam, idleague, state, oddhome, oddaway, odddraw, scoreHome, scoreAway) VALUES (605173,"2020-11-27T20:00:00", 720, 539,2833, "Match Finished", 0,0,0, 0, 0);
		INSERT INTO h2h (idh2h, idfixture, homeTeamId, awayTeamId, score, date)VALUES (23,605173,720, 539,"2-0", "2012-08-27T18:00:00");
		INSERT INTO h2h (idh2h, idfixture, homeTeamId, awayTeamId, score, date)VALUES (24,605173,539, 720,"2-1", "2013-01-26T17:00:00");
		INSERT INTO h2h (idh2h, idfixture, homeTeamId, awayTeamId, score, date)VALUES (25,605173,539, 720,"1-1", "2013-09-24T18:00:00");
		INSERT INTO h2h (idh2h, idfixture, homeTeamId, awayTeamId, score, date)VALUES (26,605173,720, 539,"1-1", "2014-02-21T20:00:00");
		INSERT INTO h2h (idh2h, idfixture, homeTeamId, awayTeamId, score, date)VALUES (27,605173,539, 720,"3-2", "2016-10-02T15:45:00");
		INSERT INTO h2h (idh2h, idfixture, homeTeamId, awayTeamId, score, date)VALUES (28,605173,720, 539,"0-4", "2017-03-11T17:00:00");
		INSERT INTO h2h (idh2h, idfixture, homeTeamId, awayTeamId, score, date)VALUES (29,605173,720, 539,"2-1", "2018-09-27T18:00:00");
		INSERT INTO h2h (idh2h, idfixture, homeTeamId, awayTeamId, score, date)VALUES (30,605173,539, 720,"2-0", "2019-01-20T17:30:00");
		INSERT INTO h2h (idh2h, idfixture, homeTeamId, awayTeamId, score, date)VALUES (31,605173,539, 720,"2-0", "2019-08-31T17:00:00");
		INSERT INTO h2h (idh2h, idfixture, homeTeamId, awayTeamId, score, date)VALUES (32,605173,720, 539,"0-0", "2020-07-01T20:00:00");
		INSERT INTO h2h (idh2h, idfixture, homeTeamId, awayTeamId, score, date)VALUES (33,605173,720, 539,"1-1", "2020-11-27T20:00:00");
		INSERT INTO h2h (idh2h, idfixture, homeTeamId, awayTeamId, score, date)VALUES (34,605173,539, 720,"None", "2021-01-24T00:00:00");
INSERT INTO fixture (idfixture, begintime, hometeam,awayteam, idleague, state, oddhome, oddaway, odddraw, scoreHome, scoreAway) VALUES (601092,"2020-11-27T21:00:00", 218, 224,2826, "Match Finished", 0,0,0, 0, 0);
		INSERT INTO h2h (idh2h, idfixture, homeTeamId, awayTeamId, score, date)VALUES (35,601092,224, 218,"1-0", "2015-09-13T16:00:00");
		INSERT INTO h2h (idh2h, idfixture, homeTeamId, awayTeamId, score, date)VALUES (36,601092,218, 224,"1-1", "2016-02-06T20:45:00");
		INSERT INTO h2h (idh2h, idfixture, homeTeamId, awayTeamId, score, date)VALUES (37,601092,218, 224,"2-1", "2016-11-27T20:15:00");
		INSERT INTO h2h (idh2h, idfixture, homeTeamId, awayTeamId, score, date)VALUES (38,601092,224, 218,"2-1", "2017-04-09T17:00:00");
		INSERT INTO h2h (idh2h, idfixture, homeTeamId, awayTeamId, score, date)VALUES (39,601092,224, 218,"0-1", "2017-12-23T18:15:00");
		INSERT INTO h2h (idh2h, idfixture, homeTeamId, awayTeamId, score, date)VALUES (40,601092,218, 224,"1-4", "2018-05-05T17:15:00");
		INSERT INTO h2h (idh2h, idfixture, homeTeamId, awayTeamId, score, date)VALUES (41,601092,224, 218,"1-0", "2018-08-31T20:15:00");
		INSERT INTO h2h (idh2h, idfixture, homeTeamId, awayTeamId, score, date)VALUES (42,601092,218, 224,"1-0", "2019-02-09T20:30:00");
		INSERT INTO h2h (idh2h, idfixture, homeTeamId, awayTeamId, score, date)VALUES (43,601092,218, 224,"1-3", "2019-09-22T17:00:00");
		INSERT INTO h2h (idh2h, idfixture, homeTeamId, awayTeamId, score, date)VALUES (44,601092,224, 218,"2-0", "2020-03-01T20:00:00");
		INSERT INTO h2h (idh2h, idfixture, homeTeamId, awayTeamId, score, date)VALUES (45,601092,218, 224,"0-2", "2020-11-27T21:00:00");
		INSERT INTO h2h (idh2h, idfixture, homeTeamId, awayTeamId, score, date)VALUES (46,601092,224, 218,"None", "2021-04-03T15:00:00");
INSERT INTO fixture (idfixture, begintime, hometeam,awayteam, idleague, state, oddhome, oddaway, odddraw, scoreHome, scoreAway) VALUES (592232,"2020-11-28T12:30:00", 51, 40,2790, "Match Finished", 0,0,0, 0, 0);
		INSERT INTO h2h (idh2h, idfixture, homeTeamId, awayTeamId, score, date)VALUES (47,592232,51, 40,"1-2", "2011-09-21T18:45:00");
		INSERT INTO h2h (idh2h, idfixture, homeTeamId, awayTeamId, score, date)VALUES (48,592232,40, 51,"6-1", "2012-02-19T16:30:00");
		INSERT INTO h2h (idh2h, idfixture, homeTeamId, awayTeamId, score, date)VALUES (49,592232,51, 40,"1-5", "2017-12-02T15:00:00");
		INSERT INTO h2h (idh2h, idfixture, homeTeamId, awayTeamId, score, date)VALUES (50,592232,40, 51,"4-0", "2018-05-13T14:00:00");
		INSERT INTO h2h (idh2h, idfixture, homeTeamId, awayTeamId, score, date)VALUES (51,592232,40, 51,"1-0", "2018-08-25T16:30:00");
		INSERT INTO h2h (idh2h, idfixture, homeTeamId, awayTeamId, score, date)VALUES (52,592232,51, 40,"0-1", "2019-01-12T15:00:00");
		INSERT INTO h2h (idh2h, idfixture, homeTeamId, awayTeamId, score, date)VALUES (53,592232,40, 51,"2-1", "2019-11-30T15:00:00");
		INSERT INTO h2h (idh2h, idfixture, homeTeamId, awayTeamId, score, date)VALUES (54,592232,51, 40,"1-3", "2020-07-08T19:15:00");
		INSERT INTO h2h (idh2h, idfixture, homeTeamId, awayTeamId, score, date)VALUES (55,592232,51, 40,"1-1", "2020-11-28T12:30:00");
		INSERT INTO h2h (idh2h, idfixture, homeTeamId, awayTeamId, score, date)VALUES (56,592232,40, 51,"None", "2021-02-03T20:00:00");
INSERT INTO fixture (idfixture, begintime, hometeam,awayteam, idleague, state, oddhome, oddaway, odddraw, scoreHome, scoreAway) VALUES (605174,"2020-11-28T13:00:00", 797, 724,2833, "Match Finished", 0,0,0, 0, 0);
		INSERT INTO h2h (idh2h, idfixture, homeTeamId, awayTeamId, score, date)VALUES (57,605174,797, 724,"2-3", "2017-01-08T17:00:00");
		INSERT INTO h2h (idh2h, idfixture, homeTeamId, awayTeamId, score, date)VALUES (58,605174,724, 797,"2-1", "2017-06-04T18:00:00");
		INSERT INTO h2h (idh2h, idfixture, homeTeamId, awayTeamId, score, date)VALUES (59,605174,724, 797,"5-1", "2018-11-04T11:00:00");
		INSERT INTO h2h (idh2h, idfixture, homeTeamId, awayTeamId, score, date)VALUES (60,605174,797, 724,"1-0", "2019-03-09T19:30:00");
		INSERT INTO h2h (idh2h, idfixture, homeTeamId, awayTeamId, score, date)VALUES (61,605174,724, 797,"0-0", "2019-12-08T20:00:00");
		INSERT INTO h2h (idh2h, idfixture, homeTeamId, awayTeamId, score, date)VALUES (62,605174,797, 724,"0-0", "2020-06-30T19:45:00");
		INSERT INTO h2h (idh2h, idfixture, homeTeamId, awayTeamId, score, date)VALUES (63,605174,797, 724,"1-1", "2020-11-28T13:00:00");
		INSERT INTO h2h (idh2h, idfixture, homeTeamId, awayTeamId, score, date)VALUES (64,605174,724, 797,"None", "2021-05-16T00:00:00");
INSERT INTO fixture (idfixture, begintime, hometeam,awayteam, idleague, state, oddhome, oddaway, odddraw, scoreHome, scoreAway) VALUES (592237,"2020-11-28T15:00:00", 50, 44,2790, "First Half", 0,0,0, 0, 0);
		INSERT INTO h2h (idh2h, idfixture, homeTeamId, awayTeamId, score, date)VALUES (65,592237,50, 44,"2-2", "2014-12-28T15:00:00");
		INSERT INTO h2h (idh2h, idfixture, homeTeamId, awayTeamId, score, date)VALUES (66,592237,44, 50,"1-0", "2015-03-14T17:30:00");
		INSERT INTO h2h (idh2h, idfixture, homeTeamId, awayTeamId, score, date)VALUES (67,592237,44, 50,"1-2", "2016-11-26T12:30:00");
		INSERT INTO h2h (idh2h, idfixture, homeTeamId, awayTeamId, score, date)VALUES (68,592237,50, 44,"2-1", "2017-01-02T15:00:00");
		INSERT INTO h2h (idh2h, idfixture, homeTeamId, awayTeamId, score, date)VALUES (69,592237,50, 44,"3-0", "2017-10-21T14:00:00");
		INSERT INTO h2h (idh2h, idfixture, homeTeamId, awayTeamId, score, date)VALUES (70,592237,50, 44,"4-1", "2018-01-06T15:00:00");
		INSERT INTO h2h (idh2h, idfixture, homeTeamId, awayTeamId, score, date)VALUES (71,592237,44, 50,"1-1", "2018-02-03T12:30:00");
		INSERT INTO h2h (idh2h, idfixture, homeTeamId, awayTeamId, score, date)VALUES (72,592237,50, 44,"5-0", "2018-10-20T14:00:00");
		INSERT INTO h2h (idh2h, idfixture, homeTeamId, awayTeamId, score, date)VALUES (73,592237,50, 44,"5-0", "2019-01-26T15:00:00");
		INSERT INTO h2h (idh2h, idfixture, homeTeamId, awayTeamId, score, date)VALUES (74,592237,44, 50,"0-1", "2019-04-28T13:05:00");
		INSERT INTO h2h (idh2h, idfixture, homeTeamId, awayTeamId, score, date)VALUES (75,592237,44, 50,"1-4", "2019-12-03T20:15:00");
		INSERT INTO h2h (idh2h, idfixture, homeTeamId, awayTeamId, score, date)VALUES (76,592237,50, 44,"5-0", "2020-06-22T19:00:00");
		INSERT INTO h2h (idh2h, idfixture, homeTeamId, awayTeamId, score, date)VALUES (77,592237,44, 50,"0-3", "2020-09-30T18:00:00");
		INSERT INTO h2h (idh2h, idfixture, homeTeamId, awayTeamId, score, date)VALUES (78,592237,50, 44,"None", "2020-11-28T15:00:00");
		INSERT INTO h2h (idh2h, idfixture, homeTeamId, awayTeamId, score, date)VALUES (79,592237,44, 50,"None", "2021-02-02T19:45:00");
INSERT INTO fixture (idfixture, begintime, hometeam,awayteam, idleague, state, oddhome, oddaway, odddraw, scoreHome, scoreAway) VALUES (605172,"2020-11-28T15:15:00", 532, 530,2833, "First Half", 0,0,0, 0, 0);
		INSERT INTO h2h (idh2h, idfixture, homeTeamId, awayTeamId, score, date)VALUES (80,605172,532, 530,"1-1", "2010-09-22T20:00:00");
		INSERT INTO h2h (idh2h, idfixture, homeTeamId, awayTeamId, score, date)VALUES (81,605172,530, 532,"1-2", "2011-02-12T17:00:00");
		INSERT INTO h2h (idh2h, idfixture, homeTeamId, awayTeamId, score, date)VALUES (82,605172,532, 530,"1-0", "2011-09-10T20:00:00");
		INSERT INTO h2h (idh2h, idfixture, homeTeamId, awayTeamId, score, date)VALUES (83,605172,530, 532,"0-0", "2012-02-05T20:30:00");
		INSERT INTO h2h (idh2h, idfixture, homeTeamId, awayTeamId, score, date)VALUES (84,605172,532, 530,"2-0", "2012-11-03T21:00:00");
		INSERT INTO h2h (idh2h, idfixture, homeTeamId, awayTeamId, score, date)VALUES (85,605172,530, 532,"1-1", "2013-03-31T19:00:00");
		INSERT INTO h2h (idh2h, idfixture, homeTeamId, awayTeamId, score, date)VALUES (86,605172,530, 532,"3-0", "2013-12-15T20:00:00");
		INSERT INTO h2h (idh2h, idfixture, homeTeamId, awayTeamId, score, date)VALUES (87,605172,532, 530,"0-1", "2014-04-27T15:00:00");
		INSERT INTO h2h (idh2h, idfixture, homeTeamId, awayTeamId, score, date)VALUES (88,605172,532, 530,"3-1", "2014-10-04T14:00:00");
		INSERT INTO h2h (idh2h, idfixture, homeTeamId, awayTeamId, score, date)VALUES (89,605172,530, 532,"1-1", "2015-03-08T20:00:00");
		INSERT INTO h2h (idh2h, idfixture, homeTeamId, awayTeamId, score, date)VALUES (90,605172,530, 532,"2-1", "2015-10-25T18:30:00");
		INSERT INTO h2h (idh2h, idfixture, homeTeamId, awayTeamId, score, date)VALUES (91,605172,532, 530,"1-3", "2016-03-06T19:30:00");
		INSERT INTO h2h (idh2h, idfixture, homeTeamId, awayTeamId, score, date)VALUES (92,605172,532, 530,"0-2", "2016-10-02T10:00:00");
		INSERT INTO h2h (idh2h, idfixture, homeTeamId, awayTeamId, score, date)VALUES (93,605172,530, 532,"3-0", "2017-03-05T15:15:00");
		INSERT INTO h2h (idh2h, idfixture, homeTeamId, awayTeamId, score, date)VALUES (94,605172,532, 530,"0-0", "2017-09-09T14:15:00");
		INSERT INTO h2h (idh2h, idfixture, homeTeamId, awayTeamId, score, date)VALUES (95,605172,530, 532,"1-0", "2018-02-04T19:45:00");
		INSERT INTO h2h (idh2h, idfixture, homeTeamId, awayTeamId, score, date)VALUES (96,605172,532, 530,"1-1", "2018-08-20T18:00:00");
		INSERT INTO h2h (idh2h, idfixture, homeTeamId, awayTeamId, score, date)VALUES (97,605172,530, 532,"3-2", "2019-04-24T17:30:00");
		INSERT INTO h2h (idh2h, idfixture, homeTeamId, awayTeamId, score, date)VALUES (98,605172,530, 532,"1-1", "2019-10-19T14:00:00");
		INSERT INTO h2h (idh2h, idfixture, homeTeamId, awayTeamId, score, date)VALUES (99,605172,532, 530,"2-2", "2020-02-14T20:00:00");
		INSERT INTO h2h (idh2h, idfixture, homeTeamId, awayTeamId, score, date)VALUES (100,605172,532, 530,"None", "2020-11-28T15:15:00");
		INSERT INTO h2h (idh2h, idfixture, homeTeamId, awayTeamId, score, date)VALUES (101,605172,530, 532,"None", "2021-01-24T00:00:00");
INSERT INTO fixture (idfixture, begintime, hometeam,awayteam, idleague, state, oddhome, oddaway, odddraw, scoreHome, scoreAway) VALUES (592235,"2020-11-28T17:30:00", 45, 63,2790, "Not Started", 0,0,0, 0, 0);
		INSERT INTO h2h (idh2h, idfixture, homeTeamId, awayTeamId, score, date)VALUES (102,592235,63, 45,"2-1", "2012-09-25T18:45:00");
		INSERT INTO h2h (idh2h, idfixture, homeTeamId, awayTeamId, score, date)VALUES (103,592235,45, 63,"None", "2020-11-28T17:30:00");
		INSERT INTO h2h (idh2h, idfixture, homeTeamId, awayTeamId, score, date)VALUES (104,592235,63, 45,"None", "2021-02-02T19:45:00");
INSERT INTO fixture (idfixture, begintime, hometeam,awayteam, idleague, state, oddhome, oddaway, odddraw, scoreHome, scoreAway) VALUES (605169,"2020-11-28T17:30:00", 726, 536,2833, "Not Started", 0,0,0, 0, 0);
		INSERT INTO h2h (idh2h, idfixture, homeTeamId, awayTeamId, score, date)VALUES (105,605169,536, 726,"2-1", "2018-10-28T19:45:00");
		INSERT INTO h2h (idh2h, idfixture, homeTeamId, awayTeamId, score, date)VALUES (106,605169,726, 536,"2-1", "2019-03-02T17:30:00");
		INSERT INTO h2h (idh2h, idfixture, homeTeamId, awayTeamId, score, date)VALUES (107,605169,726, 536,"None", "2020-11-28T17:30:00");
		INSERT INTO h2h (idh2h, idfixture, homeTeamId, awayTeamId, score, date)VALUES (108,605169,536, 726,"None", "2021-02-14T00:00:00");
INSERT INTO fixture (idfixture, begintime, hometeam,awayteam, idleague, state, oddhome, oddaway, odddraw, scoreHome, scoreAway) VALUES (601088,"2020-11-28T18:00:00", 227, 212,2826, "Not Started", 0,0,0, 0, 0);
		INSERT INTO h2h (idh2h, idfixture, homeTeamId, awayTeamId, score, date)VALUES (109,601088,227, 212,"1-2", "2018-12-15T20:30:00");
		INSERT INTO h2h (idh2h, idfixture, homeTeamId, awayTeamId, score, date)VALUES (110,601088,212, 227,"1-0", "2019-04-20T19:30:00");
		INSERT INTO h2h (idh2h, idfixture, homeTeamId, awayTeamId, score, date)VALUES (111,601088,212, 227,"2-0", "2019-09-22T19:30:00");
		INSERT INTO h2h (idh2h, idfixture, homeTeamId, awayTeamId, score, date)VALUES (112,601088,212, 227,"1-0", "2019-09-25T20:00:00");
		INSERT INTO h2h (idh2h, idfixture, homeTeamId, awayTeamId, score, date)VALUES (113,601088,212, 227,"1-0", "2019-12-19T19:15:00");
		INSERT INTO h2h (idh2h, idfixture, homeTeamId, awayTeamId, score, date)VALUES (114,601088,227, 212,"0-2", "2020-03-02T19:30:00");
		INSERT INTO h2h (idh2h, idfixture, homeTeamId, awayTeamId, score, date)VALUES (115,601088,227, 212,"None", "2020-11-28T18:00:00");
		INSERT INTO h2h (idh2h, idfixture, homeTeamId, awayTeamId, score, date)VALUES (116,601088,212, 227,"None", "2021-04-03T15:00:00");
INSERT INTO fixture (idfixture, begintime, hometeam,awayteam, idleague, state, oddhome, oddaway, odddraw, scoreHome, scoreAway) VALUES (592239,"2020-11-28T20:00:00", 60, 62,2790, "Not Started", 0,0,0, 0, 0);
		INSERT INTO h2h (idh2h, idfixture, homeTeamId, awayTeamId, score, date)VALUES (117,592239,62, 60,"1-2", "2018-12-14T19:45:00");
		INSERT INTO h2h (idh2h, idfixture, homeTeamId, awayTeamId, score, date)VALUES (118,592239,60, 62,"0-1", "2019-02-23T17:30:00");
		INSERT INTO h2h (idh2h, idfixture, homeTeamId, awayTeamId, score, date)VALUES (119,592239,60, 62,"None", "2020-11-28T20:00:00");
		INSERT INTO h2h (idh2h, idfixture, homeTeamId, awayTeamId, score, date)VALUES (120,592239,62, 60,"None", "2021-02-02T19:45:00");
INSERT INTO fixture (idfixture, begintime, hometeam,awayteam, idleague, state, oddhome, oddaway, odddraw, scoreHome, scoreAway) VALUES (605170,"2020-11-28T20:00:00", 541, 542,2833, "Not Started", 0,0,0, 0, 0);
		INSERT INTO h2h (idh2h, idfixture, homeTeamId, awayTeamId, score, date)VALUES (121,605170,542, 541,"1-4", "2016-10-29T14:15:00");
		INSERT INTO h2h (idh2h, idfixture, homeTeamId, awayTeamId, score, date)VALUES (122,605170,541, 542,"3-0", "2017-04-02T14:15:00");
		INSERT INTO h2h (idh2h, idfixture, homeTeamId, awayTeamId, score, date)VALUES (123,605170,542, 541,"1-2", "2017-09-23T14:15:00");
		INSERT INTO h2h (idh2h, idfixture, homeTeamId, awayTeamId, score, date)VALUES (124,605170,541, 542,"4-0", "2018-02-24T15:15:00");
		INSERT INTO h2h (idh2h, idfixture, homeTeamId, awayTeamId, score, date)VALUES (125,605170,542, 541,"1-0", "2018-10-06T16:30:00");
		INSERT INTO h2h (idh2h, idfixture, homeTeamId, awayTeamId, score, date)VALUES (126,605170,541, 542,"3-0", "2019-02-03T19:45:00");
		INSERT INTO h2h (idh2h, idfixture, homeTeamId, awayTeamId, score, date)VALUES (127,605170,542, 541,"1-2", "2019-11-30T12:00:00");
		INSERT INTO h2h (idh2h, idfixture, homeTeamId, awayTeamId, score, date)VALUES (128,605170,541, 542,"2-0", "2020-07-10T20:00:00");
		INSERT INTO h2h (idh2h, idfixture, homeTeamId, awayTeamId, score, date)VALUES (129,605170,541, 542,"None", "2020-11-28T20:00:00");
		INSERT INTO h2h (idh2h, idfixture, homeTeamId, awayTeamId, score, date)VALUES (130,605170,542, 541,"None", "2021-01-24T00:00:00");
INSERT INTO fixture (idfixture, begintime, hometeam,awayteam, idleague, state, oddhome, oddaway, odddraw, scoreHome, scoreAway) VALUES (601091,"2020-11-28T20:30:00", 228, 215,2826, "Not Started", 0,0,0, 0, 0);
		INSERT INTO h2h (idh2h, idfixture, homeTeamId, awayTeamId, score, date)VALUES (131,601091,215, 228,"2-2", "2012-11-26T20:15:00");
		INSERT INTO h2h (idh2h, idfixture, homeTeamId, awayTeamId, score, date)VALUES (132,601091,228, 215,"3-2", "2013-04-06T19:30:00");
		INSERT INTO h2h (idh2h, idfixture, homeTeamId, awayTeamId, score, date)VALUES (133,601091,228, 215,"1-1", "2014-12-14T18:00:00");
		INSERT INTO h2h (idh2h, idfixture, homeTeamId, awayTeamId, score, date)VALUES (134,601091,215, 228,"1-4", "2015-04-27T19:00:00");
		INSERT INTO h2h (idh2h, idfixture, homeTeamId, awayTeamId, score, date)VALUES (135,601091,228, 215,"3-1", "2015-12-13T18:15:00");
		INSERT INTO h2h (idh2h, idfixture, homeTeamId, awayTeamId, score, date)VALUES (136,601091,215, 228,"0-1", "2016-04-16T19:45:00");
		INSERT INTO h2h (idh2h, idfixture, homeTeamId, awayTeamId, score, date)VALUES (137,601091,228, 215,"3-0", "2016-09-10T17:15:00");
		INSERT INTO h2h (idh2h, idfixture, homeTeamId, awayTeamId, score, date)VALUES (138,601091,215, 228,"2-3", "2017-02-12T18:00:00");
		INSERT INTO h2h (idh2h, idfixture, homeTeamId, awayTeamId, score, date)VALUES (139,601091,215, 228,"1-1", "2017-09-23T17:15:00");
		INSERT INTO h2h (idh2h, idfixture, homeTeamId, awayTeamId, score, date)VALUES (140,601091,228, 215,"1-0", "2018-02-26T21:00:00");
		INSERT INTO h2h (idh2h, idfixture, homeTeamId, awayTeamId, score, date)VALUES (141,601091,215, 228,"1-3", "2018-08-12T17:30:00");
		INSERT INTO h2h (idh2h, idfixture, homeTeamId, awayTeamId, score, date)VALUES (142,601091,228, 215,"2-1", "2019-01-19T18:00:00");
		INSERT INTO h2h (idh2h, idfixture, homeTeamId, awayTeamId, score, date)VALUES (143,601091,228, 215,"1-0", "2019-12-08T17:30:00");
		INSERT INTO h2h (idh2h, idfixture, homeTeamId, awayTeamId, score, date)VALUES (144,601091,215, 228,"0-0", "2020-07-06T20:00:00");
		INSERT INTO h2h (idh2h, idfixture, homeTeamId, awayTeamId, score, date)VALUES (145,601091,228, 215,"None", "2020-11-28T20:30:00");
		INSERT INTO h2h (idh2h, idfixture, homeTeamId, awayTeamId, score, date)VALUES (146,601091,215, 228,"None", "2021-04-03T15:00:00");
INSERT INTO fixture (idfixture, begintime, hometeam,awayteam, idleague, state, oddhome, oddaway, odddraw, scoreHome, scoreAway) VALUES (605165,"2020-11-29T13:00:00", 529, 727,2833, "Not Started", 0,0,0, 0, 0);
		INSERT INTO h2h (idh2h, idfixture, homeTeamId, awayTeamId, score, date)VALUES (147,605165,727, 529,"0-3", "2010-12-04T19:45:00");
		INSERT INTO h2h (idh2h, idfixture, homeTeamId, awayTeamId, score, date)VALUES (148,605165,529, 727,"2-0", "2011-04-23T18:00:00");
		INSERT INTO h2h (idh2h, idfixture, homeTeamId, awayTeamId, score, date)VALUES (149,605165,529, 727,"8-0", "2011-09-17T18:00:00");
		INSERT INTO h2h (idh2h, idfixture, homeTeamId, awayTeamId, score, date)VALUES (150,605165,727, 529,"3-2", "2012-02-11T19:00:00");
		INSERT INTO h2h (idh2h, idfixture, homeTeamId, awayTeamId, score, date)VALUES (151,605165,727, 529,"1-2", "2012-08-26T17:00:00");
		INSERT INTO h2h (idh2h, idfixture, homeTeamId, awayTeamId, score, date)VALUES (152,605165,529, 727,"5-1", "2013-01-27T18:00:00");
		INSERT INTO h2h (idh2h, idfixture, homeTeamId, awayTeamId, score, date)VALUES (153,605165,727, 529,"0-0", "2013-10-19T18:00:00");
		INSERT INTO h2h (idh2h, idfixture, homeTeamId, awayTeamId, score, date)VALUES (154,605165,529, 727,"7-0", "2014-03-16T16:00:00");
		INSERT INTO h2h (idh2h, idfixture, homeTeamId, awayTeamId, score, date)VALUES (155,605165,727, 529,"0-3", "2016-12-10T12:00:00");
		INSERT INTO h2h (idh2h, idfixture, homeTeamId, awayTeamId, score, date)VALUES (156,605165,529, 727,"7-1", "2017-04-26T17:30:00");
		INSERT INTO h2h (idh2h, idfixture, homeTeamId, awayTeamId, score, date)VALUES (157,605165,727, 529,"2-2", "2019-08-31T15:00:00");
		INSERT INTO h2h (idh2h, idfixture, homeTeamId, awayTeamId, score, date)VALUES (158,605165,529, 727,"1-2", "2020-07-16T19:00:00");
		INSERT INTO h2h (idh2h, idfixture, homeTeamId, awayTeamId, score, date)VALUES (159,605165,529, 727,"None", "2020-11-29T13:00:00");
		INSERT INTO h2h (idh2h, idfixture, homeTeamId, awayTeamId, score, date)VALUES (160,605165,727, 529,"None", "2021-03-07T00:00:00");
INSERT INTO fixture (idfixture, begintime, hometeam,awayteam, idleague, state, oddhome, oddaway, odddraw, scoreHome, scoreAway) VALUES (592238,"2020-11-29T14:00:00", 41, 33,2790, "Not Started", 0,0,0, 0, 0);
		INSERT INTO h2h (idh2h, idfixture, homeTeamId, awayTeamId, score, date)VALUES (161,592238,41, 33,"2-3", "2012-09-02T15:00:00");
		INSERT INTO h2h (idh2h, idfixture, homeTeamId, awayTeamId, score, date)VALUES (162,592238,33, 41,"2-1", "2013-01-30T20:00:00");
		INSERT INTO h2h (idh2h, idfixture, homeTeamId, awayTeamId, score, date)VALUES (163,592238,33, 41,"1-1", "2013-10-19T14:00:00");
		INSERT INTO h2h (idh2h, idfixture, homeTeamId, awayTeamId, score, date)VALUES (164,592238,41, 33,"1-1", "2014-05-11T14:00:00");
		INSERT INTO h2h (idh2h, idfixture, homeTeamId, awayTeamId, score, date)VALUES (165,592238,41, 33,"1-2", "2014-12-08T20:00:00");
		INSERT INTO h2h (idh2h, idfixture, homeTeamId, awayTeamId, score, date)VALUES (166,592238,33, 41,"0-1", "2015-01-11T16:00:00");
		INSERT INTO h2h (idh2h, idfixture, homeTeamId, awayTeamId, score, date)VALUES (167,592238,41, 33,"2-3", "2015-09-20T15:00:00");
		INSERT INTO h2h (idh2h, idfixture, homeTeamId, awayTeamId, score, date)VALUES (168,592238,33, 41,"0-1", "2016-01-23T15:00:00");
		INSERT INTO h2h (idh2h, idfixture, homeTeamId, awayTeamId, score, date)VALUES (169,592238,33, 41,"2-0", "2016-08-19T19:00:00");
		INSERT INTO h2h (idh2h, idfixture, homeTeamId, awayTeamId, score, date)VALUES (170,592238,33, 41,"3-2", "2017-02-26T16:30:00");
		INSERT INTO h2h (idh2h, idfixture, homeTeamId, awayTeamId, score, date)VALUES (171,592238,41, 33,"0-0", "2017-05-17T18:45:00");
		INSERT INTO h2h (idh2h, idfixture, homeTeamId, awayTeamId, score, date)VALUES (172,592238,41, 33,"0-1", "2017-09-23T14:00:00");
		INSERT INTO h2h (idh2h, idfixture, homeTeamId, awayTeamId, score, date)VALUES (173,592238,33, 41,"0-0", "2017-12-30T17:30:00");
		INSERT INTO h2h (idh2h, idfixture, homeTeamId, awayTeamId, score, date)VALUES (174,592238,41, 33,"2-2", "2018-12-01T17:30:00");
		INSERT INTO h2h (idh2h, idfixture, homeTeamId, awayTeamId, score, date)VALUES (175,592238,33, 41,"3-2", "2019-03-02T15:00:00");
		INSERT INTO h2h (idh2h, idfixture, homeTeamId, awayTeamId, score, date)VALUES (176,592238,41, 33,"1-1", "2019-08-31T11:30:00");
		INSERT INTO h2h (idh2h, idfixture, homeTeamId, awayTeamId, score, date)VALUES (177,592238,33, 41,"2-2", "2020-07-13T19:00:00");
		INSERT INTO h2h (idh2h, idfixture, homeTeamId, awayTeamId, score, date)VALUES (178,592238,41, 33,"None", "2020-11-29T14:00:00");
		INSERT INTO h2h (idh2h, idfixture, homeTeamId, awayTeamId, score, date)VALUES (179,592238,33, 41,"None", "2021-02-02T20:00:00");
INSERT INTO fixture (idfixture, begintime, hometeam,awayteam, idleague, state, oddhome, oddaway, odddraw, scoreHome, scoreAway) VALUES (601084,"2020-11-29T15:00:00", 762, 226,2826, "Not Started", 0,0,0, 0, 0);
		INSERT INTO h2h (idh2h, idfixture, homeTeamId, awayTeamId, score, date)VALUES (180,601084,226, 762,"2-0", "2011-12-11T16:00:00");
		INSERT INTO h2h (idh2h, idfixture, homeTeamId, awayTeamId, score, date)VALUES (181,601084,762, 226,"0-0", "2012-04-22T15:00:00");
		INSERT INTO h2h (idh2h, idfixture, homeTeamId, awayTeamId, score, date)VALUES (182,601084,762, 226,"0-1", "2013-01-13T16:00:00");
		INSERT INTO h2h (idh2h, idfixture, homeTeamId, awayTeamId, score, date)VALUES (183,601084,226, 762,"2-1", "2013-05-11T17:15:00");
		INSERT INTO h2h (idh2h, idfixture, homeTeamId, awayTeamId, score, date)VALUES (184,601084,226, 762,"0-1", "2013-10-26T17:00:00");
		INSERT INTO h2h (idh2h, idfixture, homeTeamId, awayTeamId, score, date)VALUES (185,601084,762, 226,"1-2", "2014-03-15T16:00:00");
		INSERT INTO h2h (idh2h, idfixture, homeTeamId, awayTeamId, score, date)VALUES (186,601084,226, 762,"0-0", "2014-12-06T16:00:00");
		INSERT INTO h2h (idh2h, idfixture, homeTeamId, awayTeamId, score, date)VALUES (187,601084,762, 226,"0-0", "2015-04-19T15:00:00");
		INSERT INTO h2h (idh2h, idfixture, homeTeamId, awayTeamId, score, date)VALUES (188,601084,226, 762,"1-0", "2019-12-09T20:15:00");
		INSERT INTO h2h (idh2h, idfixture, homeTeamId, awayTeamId, score, date)VALUES (189,601084,226, 762,"0-1", "2019-12-21T17:00:00");
		INSERT INTO h2h (idh2h, idfixture, homeTeamId, awayTeamId, score, date)VALUES (190,601084,762, 226,"1-0", "2020-07-05T16:00:00");
		INSERT INTO h2h (idh2h, idfixture, homeTeamId, awayTeamId, score, date)VALUES (191,601084,762, 226,"None", "2020-11-29T15:00:00");
		INSERT INTO h2h (idh2h, idfixture, homeTeamId, awayTeamId, score, date)VALUES (192,601084,226, 762,"None", "2021-04-03T15:00:00");
INSERT INTO fixture (idfixture, begintime, hometeam,awayteam, idleague, state, oddhome, oddaway, odddraw, scoreHome, scoreAway) VALUES (601090,"2020-11-29T15:00:00", 216, 225,2826, "Not Started", 0,0,0, 0, 0);
		INSERT INTO h2h (idh2h, idfixture, homeTeamId, awayTeamId, score, date)VALUES (193,601090,225, 216,"3-1", "2010-10-03T15:00:00");
		INSERT INTO h2h (idh2h, idfixture, homeTeamId, awayTeamId, score, date)VALUES (194,601090,216, 225,"1-1", "2011-03-07T20:15:00");
		INSERT INTO h2h (idh2h, idfixture, homeTeamId, awayTeamId, score, date)VALUES (195,601090,225, 216,"0-1", "2018-10-26T18:00:00");
		INSERT INTO h2h (idh2h, idfixture, homeTeamId, awayTeamId, score, date)VALUES (196,601090,216, 225,"5-1", "2019-03-10T15:00:00");
		INSERT INTO h2h (idh2h, idfixture, homeTeamId, awayTeamId, score, date)VALUES (197,601090,216, 225,"None", "2020-11-29T15:00:00");
		INSERT INTO h2h (idh2h, idfixture, homeTeamId, awayTeamId, score, date)VALUES (198,601090,225, 216,"None", "2021-04-03T15:00:00");
INSERT INTO fixture (idfixture, begintime, hometeam,awayteam, idleague, state, oddhome, oddaway, odddraw, scoreHome, scoreAway) VALUES (605168,"2020-11-29T15:15:00", 546, 531,2833, "Not Started", 0,0,0, 0, 0);
		INSERT INTO h2h (idh2h, idfixture, homeTeamId, awayTeamId, score, date)VALUES (199,605168,531, 546,"3-0", "2010-10-31T20:00:00");
		INSERT INTO h2h (idh2h, idfixture, homeTeamId, awayTeamId, score, date)VALUES (200,605168,546, 531,"2-2", "2011-03-14T20:00:00");
		INSERT INTO h2h (idh2h, idfixture, homeTeamId, awayTeamId, score, date)VALUES (201,605168,546, 531,"0-0", "2012-01-08T15:00:00");
		INSERT INTO h2h (idh2h, idfixture, homeTeamId, awayTeamId, score, date)VALUES (202,605168,531, 546,"0-0", "2012-05-05T19:00:00");
		INSERT INTO h2h (idh2h, idfixture, homeTeamId, awayTeamId, score, date)VALUES (203,605168,531, 546,"1-2", "2012-10-28T16:50:00");
		INSERT INTO h2h (idh2h, idfixture, homeTeamId, awayTeamId, score, date)VALUES (204,605168,546, 531,"1-0", "2013-03-16T17:00:00");
		INSERT INTO h2h (idh2h, idfixture, homeTeamId, awayTeamId, score, date)VALUES (205,605168,546, 531,"0-1", "2013-10-28T21:00:00");
		INSERT INTO h2h (idh2h, idfixture, homeTeamId, awayTeamId, score, date)VALUES (206,605168,531, 546,"1-0", "2014-03-22T21:00:00");
		INSERT INTO h2h (idh2h, idfixture, homeTeamId, awayTeamId, score, date)VALUES (207,605168,546, 531,"1-2", "2014-11-29T15:00:00");
		INSERT INTO h2h (idh2h, idfixture, homeTeamId, awayTeamId, score, date)VALUES (208,605168,531, 546,"4-0", "2015-04-18T20:00:00");
		INSERT INTO h2h (idh2h, idfixture, homeTeamId, awayTeamId, score, date)VALUES (209,605168,531, 546,"3-1", "2015-09-13T14:00:00");
		INSERT INTO h2h (idh2h, idfixture, homeTeamId, awayTeamId, score, date)VALUES (210,605168,546, 531,"0-1", "2016-01-30T17:15:00");
		INSERT INTO h2h (idh2h, idfixture, homeTeamId, awayTeamId, score, date)VALUES (211,605168,531, 546,"0-0", "2017-08-20T16:15:00");
		INSERT INTO h2h (idh2h, idfixture, homeTeamId, awayTeamId, score, date)VALUES (212,605168,546, 531,"2-2", "2018-01-19T20:00:00");
		INSERT INTO h2h (idh2h, idfixture, homeTeamId, awayTeamId, score, date)VALUES (213,605168,531, 546,"1-1", "2018-11-25T11:00:00");
		INSERT INTO h2h (idh2h, idfixture, homeTeamId, awayTeamId, score, date)VALUES (214,605168,546, 531,"1-0", "2019-04-07T12:00:00");
		INSERT INTO h2h (idh2h, idfixture, homeTeamId, awayTeamId, score, date)VALUES (215,605168,546, 531,"1-1", "2019-08-24T19:00:00");
		INSERT INTO h2h (idh2h, idfixture, homeTeamId, awayTeamId, score, date)VALUES (216,605168,531, 546,"0-2", "2020-02-02T15:00:00");
		INSERT INTO h2h (idh2h, idfixture, homeTeamId, awayTeamId, score, date)VALUES (217,605168,546, 531,"None", "2020-11-29T15:15:00");
		INSERT INTO h2h (idh2h, idfixture, homeTeamId, awayTeamId, score, date)VALUES (218,605168,531, 546,"None", "2021-01-24T00:00:00");
INSERT INTO fixture (idfixture, begintime, hometeam,awayteam, idleague, state, oddhome, oddaway, odddraw, scoreHome, scoreAway) VALUES (592233,"2020-11-29T16:30:00", 49, 47,2790, "Not Started", 0,0,0, 0, 0);
		INSERT INTO h2h (idh2h, idfixture, homeTeamId, awayTeamId, score, date)VALUES (219,592233,47, 49,"1-1", "2010-12-12T16:00:00");
		INSERT INTO h2h (idh2h, idfixture, homeTeamId, awayTeamId, score, date)VALUES (220,592233,49, 47,"2-1", "2011-04-30T16:30:00");
		INSERT INTO h2h (idh2h, idfixture, homeTeamId, awayTeamId, score, date)VALUES (221,592233,47, 49,"1-1", "2011-12-22T20:00:00");
		INSERT INTO h2h (idh2h, idfixture, homeTeamId, awayTeamId, score, date)VALUES (222,592233,49, 47,"0-0", "2012-03-24T12:45:00");
		INSERT INTO h2h (idh2h, idfixture, homeTeamId, awayTeamId, score, date)VALUES (223,592233,47, 49,"1-5", "2012-04-15T17:00:00");
		INSERT INTO h2h (idh2h, idfixture, homeTeamId, awayTeamId, score, date)VALUES (224,592233,47, 49,"2-4", "2012-10-20T11:45:00");
		INSERT INTO h2h (idh2h, idfixture, homeTeamId, awayTeamId, score, date)VALUES (225,592233,49, 47,"2-2", "2013-05-08T18:45:00");
		INSERT INTO h2h (idh2h, idfixture, homeTeamId, awayTeamId, score, date)VALUES (226,592233,47, 49,"1-1", "2013-09-28T11:45:00");
		INSERT INTO h2h (idh2h, idfixture, homeTeamId, awayTeamId, score, date)VALUES (227,592233,49, 47,"4-0", "2014-03-08T17:30:00");
		INSERT INTO h2h (idh2h, idfixture, homeTeamId, awayTeamId, score, date)VALUES (228,592233,49, 47,"3-0", "2014-12-03T19:45:00");
		INSERT INTO h2h (idh2h, idfixture, homeTeamId, awayTeamId, score, date)VALUES (229,592233,47, 49,"5-3", "2015-01-01T17:30:00");
		INSERT INTO h2h (idh2h, idfixture, homeTeamId, awayTeamId, score, date)VALUES (230,592233,49, 47,"2-0", "2015-03-01T16:00:00");
		INSERT INTO h2h (idh2h, idfixture, homeTeamId, awayTeamId, score, date)VALUES (231,592233,47, 49,"0-0", "2015-11-29T12:00:00");
		INSERT INTO h2h (idh2h, idfixture, homeTeamId, awayTeamId, score, date)VALUES (232,592233,49, 47,"2-2", "2016-05-02T19:00:00");
		INSERT INTO h2h (idh2h, idfixture, homeTeamId, awayTeamId, score, date)VALUES (233,592233,49, 47,"2-1", "2016-11-26T17:30:00");
		INSERT INTO h2h (idh2h, idfixture, homeTeamId, awayTeamId, score, date)VALUES (234,592233,47, 49,"2-0", "2017-01-04T20:00:00");
		INSERT INTO h2h (idh2h, idfixture, homeTeamId, awayTeamId, score, date)VALUES (235,592233,49, 47,"4-2", "2017-04-22T16:15:00");
		INSERT INTO h2h (idh2h, idfixture, homeTeamId, awayTeamId, score, date)VALUES (236,592233,47, 49,"1-2", "2017-08-20T15:00:00");
		INSERT INTO h2h (idh2h, idfixture, homeTeamId, awayTeamId, score, date)VALUES (237,592233,49, 47,"1-3", "2018-04-01T15:00:00");
		INSERT INTO h2h (idh2h, idfixture, homeTeamId, awayTeamId, score, date)VALUES (238,592233,47, 49,"3-1", "2018-11-24T17:30:00");
		INSERT INTO h2h (idh2h, idfixture, homeTeamId, awayTeamId, score, date)VALUES (239,592233,47, 49,"1-0", "2019-01-08T20:00:00");
		INSERT INTO h2h (idh2h, idfixture, homeTeamId, awayTeamId, score, date)VALUES (240,592233,49, 47,"2-1", "2019-01-24T19:45:00");
		INSERT INTO h2h (idh2h, idfixture, homeTeamId, awayTeamId, score, date)VALUES (241,592233,49, 47,"2-0", "2019-02-27T20:00:00");
		INSERT INTO h2h (idh2h, idfixture, homeTeamId, awayTeamId, score, date)VALUES (242,592233,47, 49,"0-2", "2019-12-22T16:30:00");
		INSERT INTO h2h (idh2h, idfixture, homeTeamId, awayTeamId, score, date)VALUES (243,592233,49, 47,"2-1", "2020-02-22T12:30:00");
		INSERT INTO h2h (idh2h, idfixture, homeTeamId, awayTeamId, score, date)VALUES (244,592233,47, 49,"1-1", "2020-09-29T18:45:00");
		INSERT INTO h2h (idh2h, idfixture, homeTeamId, awayTeamId, score, date)VALUES (245,592233,49, 47,"None", "2020-11-29T16:30:00");
		INSERT INTO h2h (idh2h, idfixture, homeTeamId, awayTeamId, score, date)VALUES (246,592233,47, 49,"None", "2021-02-03T19:45:00");
INSERT INTO fixture (idfixture, begintime, hometeam,awayteam, idleague, state, oddhome, oddaway, odddraw, scoreHome, scoreAway) VALUES (601086,"2020-11-29T17:30:00", 222, 221,2826, "Not Started", 0,0,0, 0, 0);
		INSERT INTO h2h (idh2h, idfixture, homeTeamId, awayTeamId, score, date)VALUES (247,601086,221, 222,"3-1", "2014-11-03T20:00:00");
		INSERT INTO h2h (idh2h, idfixture, homeTeamId, awayTeamId, score, date)VALUES (248,601086,222, 221,"1-0", "2015-03-22T16:00:00");
		INSERT INTO h2h (idh2h, idfixture, homeTeamId, awayTeamId, score, date)VALUES (249,601086,221, 222,"1-0", "2015-12-21T19:00:00");
		INSERT INTO h2h (idh2h, idfixture, homeTeamId, awayTeamId, score, date)VALUES (250,601086,222, 221,"1-0", "2016-04-22T19:30:00");
		INSERT INTO h2h (idh2h, idfixture, homeTeamId, awayTeamId, score, date)VALUES (251,601086,221, 222,"0-0", "2016-08-19T19:30:00");
		INSERT INTO h2h (idh2h, idfixture, homeTeamId, awayTeamId, score, date)VALUES (252,601086,222, 221,"0-1", "2017-01-27T20:30:00");
		INSERT INTO h2h (idh2h, idfixture, homeTeamId, awayTeamId, score, date)VALUES (253,601086,221, 222,"1-1", "2018-01-09T21:00:00");
		INSERT INTO h2h (idh2h, idfixture, homeTeamId, awayTeamId, score, date)VALUES (254,601086,222, 221,"1-0", "2018-05-12T19:00:00");
		INSERT INTO h2h (idh2h, idfixture, homeTeamId, awayTeamId, score, date)VALUES (255,601086,221, 222,"0-0", "2018-11-10T15:30:00");
		INSERT INTO h2h (idh2h, idfixture, homeTeamId, awayTeamId, score, date)VALUES (256,601086,222, 221,"2-0", "2019-03-31T19:00:00");
		INSERT INTO h2h (idh2h, idfixture, homeTeamId, awayTeamId, score, date)VALUES (257,601086,221, 222,"0-1", "2019-08-30T20:15:00");
		INSERT INTO h2h (idh2h, idfixture, homeTeamId, awayTeamId, score, date)VALUES (258,601086,222, 221,"1-2", "2020-02-16T15:00:00");
		INSERT INTO h2h (idh2h, idfixture, homeTeamId, awayTeamId, score, date)VALUES (259,601086,222, 221,"None", "2020-11-29T17:30:00");
		INSERT INTO h2h (idh2h, idfixture, homeTeamId, awayTeamId, score, date)VALUES (260,601086,221, 222,"None", "2021-04-03T15:00:00");
INSERT INTO fixture (idfixture, begintime, hometeam,awayteam, idleague, state, oddhome, oddaway, odddraw, scoreHome, scoreAway) VALUES (605167,"2020-11-29T17:30:00", 538, 715,2833, "Not Started", 0,0,0, 0, 0);
		INSERT INTO h2h (idh2h, idfixture, homeTeamId, awayTeamId, score, date)VALUES (261,605167,715, 538,"2-1", "2012-09-30T10:00:00");
		INSERT INTO h2h (idh2h, idfixture, homeTeamId, awayTeamId, score, date)VALUES (262,605167,538, 715,"2-1", "2013-02-24T16:00:00");
		INSERT INTO h2h (idh2h, idfixture, homeTeamId, awayTeamId, score, date)VALUES (263,605167,538, 715,"1-1", "2013-08-31T17:00:00");
		INSERT INTO h2h (idh2h, idfixture, homeTeamId, awayTeamId, score, date)VALUES (264,605167,715, 538,"1-2", "2014-01-31T20:00:00");
		INSERT INTO h2h (idh2h, idfixture, homeTeamId, awayTeamId, score, date)VALUES (265,605167,538, 715,"0-0", "2014-11-08T21:00:00");
		INSERT INTO h2h (idh2h, idfixture, homeTeamId, awayTeamId, score, date)VALUES (266,605167,715, 538,"1-1", "2015-04-08T20:00:00");
		INSERT INTO h2h (idh2h, idfixture, homeTeamId, awayTeamId, score, date)VALUES (267,605167,715, 538,"0-2", "2015-12-20T17:15:00");
		INSERT INTO h2h (idh2h, idfixture, homeTeamId, awayTeamId, score, date)VALUES (268,605167,538, 715,"2-1", "2016-04-25T18:30:00");
		INSERT INTO h2h (idh2h, idfixture, homeTeamId, awayTeamId, score, date)VALUES (269,605167,538, 715,"3-1", "2016-11-27T17:30:00");
		INSERT INTO h2h (idh2h, idfixture, homeTeamId, awayTeamId, score, date)VALUES (270,605167,715, 538,"0-3", "2017-04-16T18:45:00");
		INSERT INTO h2h (idh2h, idfixture, homeTeamId, awayTeamId, score, date)VALUES (271,605167,538, 715,"0-2", "2019-09-15T14:00:00");
		INSERT INTO h2h (idh2h, idfixture, homeTeamId, awayTeamId, score, date)VALUES (272,605167,715, 538,"0-0", "2020-02-29T20:00:00");
		INSERT INTO h2h (idh2h, idfixture, homeTeamId, awayTeamId, score, date)VALUES (273,605167,538, 715,"None", "2020-11-29T17:30:00");
		INSERT INTO h2h (idh2h, idfixture, homeTeamId, awayTeamId, score, date)VALUES (274,605167,715, 538,"None", "2021-01-31T00:00:00");
INSERT INTO fixture (idfixture, begintime, hometeam,awayteam, idleague, state, oddhome, oddaway, odddraw, scoreHome, scoreAway) VALUES (592231,"2020-11-29T19:15:00", 42, 39,2790, "Not Started", 0,0,0, 0, 0);
		INSERT INTO h2h (idh2h, idfixture, homeTeamId, awayTeamId, score, date)VALUES (275,592231,39, 42,"0-2", "2010-11-10T19:45:00");
		INSERT INTO h2h (idh2h, idfixture, homeTeamId, awayTeamId, score, date)VALUES (276,592231,42, 39,"2-0", "2011-02-12T15:00:00");
		INSERT INTO h2h (idh2h, idfixture, homeTeamId, awayTeamId, score, date)VALUES (277,592231,42, 39,"1-1", "2011-12-27T15:00:00");
		INSERT INTO h2h (idh2h, idfixture, homeTeamId, awayTeamId, score, date)VALUES (278,592231,39, 42,"0-3", "2012-04-11T18:45:00");
		INSERT INTO h2h (idh2h, idfixture, homeTeamId, awayTeamId, score, date)VALUES (279,592231,42, 39,"1-1", "2018-11-11T16:30:00");
		INSERT INTO h2h (idh2h, idfixture, homeTeamId, awayTeamId, score, date)VALUES (280,592231,39, 42,"3-1", "2019-04-24T18:45:00");
		INSERT INTO h2h (idh2h, idfixture, homeTeamId, awayTeamId, score, date)VALUES (281,592231,42, 39,"1-1", "2019-11-02T15:00:00");
		INSERT INTO h2h (idh2h, idfixture, homeTeamId, awayTeamId, score, date)VALUES (282,592231,39, 42,"0-2", "2020-07-04T16:30:00");
		INSERT INTO h2h (idh2h, idfixture, homeTeamId, awayTeamId, score, date)VALUES (283,592231,42, 39,"None", "2020-11-29T19:15:00");
		INSERT INTO h2h (idh2h, idfixture, homeTeamId, awayTeamId, score, date)VALUES (284,592231,39, 42,"None", "2021-02-02T19:45:00");
INSERT INTO fixture (idfixture, begintime, hometeam,awayteam, idleague, state, oddhome, oddaway, odddraw, scoreHome, scoreAway) VALUES (601087,"2020-11-29T20:00:00", 217, 231,2826, "Not Started", 0,0,0, 0, 0);
		INSERT INTO h2h (idh2h, idfixture, homeTeamId, awayTeamId, score, date)VALUES (285,601087,217, 231,"None", "2020-11-29T20:00:00");
		INSERT INTO h2h (idh2h, idfixture, homeTeamId, awayTeamId, score, date)VALUES (286,601087,231, 217,"None", "2021-04-03T15:00:00");
INSERT INTO fixture (idfixture, begintime, hometeam,awayteam, idleague, state, oddhome, oddaway, odddraw, scoreHome, scoreAway) VALUES (605171,"2020-11-29T20:00:00", 548, 533,2833, "Not Started", 0,0,0, 0, 0);
		INSERT INTO h2h (idh2h, idfixture, homeTeamId, awayTeamId, score, date)VALUES (287,605171,548, 533,"1-0", "2010-08-29T15:00:00");
		INSERT INTO h2h (idh2h, idfixture, homeTeamId, awayTeamId, score, date)VALUES (288,605171,533, 548,"2-1", "2011-01-23T20:00:00");
		INSERT INTO h2h (idh2h, idfixture, homeTeamId, awayTeamId, score, date)VALUES (289,605171,533, 548,"1-1", "2011-12-11T15:00:00");
		INSERT INTO h2h (idh2h, idfixture, homeTeamId, awayTeamId, score, date)VALUES (290,605171,548, 533,"1-1", "2012-04-22T10:00:00");
		INSERT INTO h2h (idh2h, idfixture, homeTeamId, awayTeamId, score, date)VALUES (291,605171,533, 548,"5-1", "2014-01-13T21:00:00");
		INSERT INTO h2h (idh2h, idfixture, homeTeamId, awayTeamId, score, date)VALUES (292,605171,548, 533,"1-2", "2014-05-18T10:00:00");
		INSERT INTO h2h (idh2h, idfixture, homeTeamId, awayTeamId, score, date)VALUES (293,605171,533, 548,"4-0", "2014-12-07T18:00:00");
		INSERT INTO h2h (idh2h, idfixture, homeTeamId, awayTeamId, score, date)VALUES (294,605171,548, 533,"0-0", "2015-04-25T20:00:00");
		INSERT INTO h2h (idh2h, idfixture, homeTeamId, awayTeamId, score, date)VALUES (295,605171,548, 533,"0-2", "2015-12-20T17:15:00");
		INSERT INTO h2h (idh2h, idfixture, homeTeamId, awayTeamId, score, date)VALUES (296,605171,533, 548,"0-0", "2016-04-24T18:30:00");
		INSERT INTO h2h (idh2h, idfixture, homeTeamId, awayTeamId, score, date)VALUES (297,605171,533, 548,"2-1", "2016-09-18T16:30:00");
		INSERT INTO h2h (idh2h, idfixture, homeTeamId, awayTeamId, score, date)VALUES (298,605171,548, 533,"0-1", "2017-02-19T11:00:00");
		INSERT INTO h2h (idh2h, idfixture, homeTeamId, awayTeamId, score, date)VALUES (299,605171,548, 533,"3-0", "2017-08-25T18:15:00");
		INSERT INTO h2h (idh2h, idfixture, homeTeamId, awayTeamId, score, date)VALUES (300,605171,533, 548,"4-2", "2018-01-27T19:45:00");
		INSERT INTO h2h (idh2h, idfixture, homeTeamId, awayTeamId, score, date)VALUES (301,605171,533, 548,"1-2", "2018-08-18T18:15:00");
		INSERT INTO h2h (idh2h, idfixture, homeTeamId, awayTeamId, score, date)VALUES (302,605171,548, 533,"0-1", "2019-04-25T18:30:00");
		INSERT INTO h2h (idh2h, idfixture, homeTeamId, awayTeamId, score, date)VALUES (303,605171,548, 533,"1-2", "2020-01-05T13:00:00");
		INSERT INTO h2h (idh2h, idfixture, homeTeamId, awayTeamId, score, date)VALUES (304,605171,533, 548,"1-2", "2020-07-13T17:30:00");
		INSERT INTO h2h (idh2h, idfixture, homeTeamId, awayTeamId, score, date)VALUES (305,605171,533, 548,"2-0", "2020-09-02T17:00:00");
		INSERT INTO h2h (idh2h, idfixture, homeTeamId, awayTeamId, score, date)VALUES (306,605171,548, 533,"None", "2020-11-29T20:00:00");
		INSERT INTO h2h (idh2h, idfixture, homeTeamId, awayTeamId, score, date)VALUES (307,605171,533, 548,"None", "2021-01-31T00:00:00");
INSERT INTO fixture (idfixture, begintime, hometeam,awayteam, idleague, state, oddhome, oddaway, odddraw, scoreHome, scoreAway) VALUES (592236,"2020-11-30T17:30:00", 46, 36,2790, "Not Started", 0,0,0, 0, 0);
		INSERT INTO h2h (idh2h, idfixture, homeTeamId, awayTeamId, score, date)VALUES (308,592236,46, 36,"4-3", "2013-10-29T19:45:00");
		INSERT INTO h2h (idh2h, idfixture, homeTeamId, awayTeamId, score, date)VALUES (309,592236,36, 46,"1-1", "2018-12-05T19:45:00");
		INSERT INTO h2h (idh2h, idfixture, homeTeamId, awayTeamId, score, date)VALUES (310,592236,46, 36,"3-1", "2019-03-09T15:00:00");
		INSERT INTO h2h (idh2h, idfixture, homeTeamId, awayTeamId, score, date)VALUES (311,592236,46, 36,"None", "2020-11-30T17:30:00");
		INSERT INTO h2h (idh2h, idfixture, homeTeamId, awayTeamId, score, date)VALUES (312,592236,36, 46,"None", "2021-02-02T19:45:00");
INSERT INTO fixture (idfixture, begintime, hometeam,awayteam, idleague, state, oddhome, oddaway, odddraw, scoreHome, scoreAway) VALUES (601089,"2020-11-30T19:00:00", 214, 211,2826, "Not Started", 0,0,0, 0, 0);
		INSERT INTO h2h (idh2h, idfixture, homeTeamId, awayTeamId, score, date)VALUES (313,601089,214, 211,"0-1", "2010-09-25T18:15:00");
		INSERT INTO h2h (idh2h, idfixture, homeTeamId, awayTeamId, score, date)VALUES (314,601089,211, 214,"2-1", "2011-02-27T18:00:00");
		INSERT INTO h2h (idh2h, idfixture, homeTeamId, awayTeamId, score, date)VALUES (315,601089,214, 211,"0-1", "2011-12-11T20:15:00");
		INSERT INTO h2h (idh2h, idfixture, homeTeamId, awayTeamId, score, date)VALUES (316,601089,211, 214,"4-1", "2012-04-21T16:00:00");
		INSERT INTO h2h (idh2h, idfixture, homeTeamId, awayTeamId, score, date)VALUES (317,601089,211, 214,"4-1", "2012-12-15T20:30:00");
		INSERT INTO h2h (idh2h, idfixture, homeTeamId, awayTeamId, score, date)VALUES (318,601089,214, 211,"1-2", "2013-04-29T19:00:00");
		INSERT INTO h2h (idh2h, idfixture, homeTeamId, awayTeamId, score, date)VALUES (319,601089,214, 211,"2-1", "2013-08-18T16:45:00");
		INSERT INTO h2h (idh2h, idfixture, homeTeamId, awayTeamId, score, date)VALUES (320,601089,211, 214,"2-0", "2014-01-19T17:00:00");
		INSERT INTO h2h (idh2h, idfixture, homeTeamId, awayTeamId, score, date)VALUES (321,601089,214, 211,"0-4", "2015-01-18T18:00:00");
		INSERT INTO h2h (idh2h, idfixture, homeTeamId, awayTeamId, score, date)VALUES (322,601089,211, 214,"4-1", "2015-05-23T17:00:00");
		INSERT INTO h2h (idh2h, idfixture, homeTeamId, awayTeamId, score, date)VALUES (323,601089,211, 214,"6-0", "2016-01-06T19:00:00");
		INSERT INTO h2h (idh2h, idfixture, homeTeamId, awayTeamId, score, date)VALUES (324,601089,214, 211,"0-2", "2016-05-08T19:30:00");
		INSERT INTO h2h (idh2h, idfixture, homeTeamId, awayTeamId, score, date)VALUES (325,601089,211, 214,"6-0", "2016-11-19T20:15:00");
		INSERT INTO h2h (idh2h, idfixture, homeTeamId, awayTeamId, score, date)VALUES (326,601089,214, 211,"2-1", "2016-12-02T20:30:00");
		INSERT INTO h2h (idh2h, idfixture, homeTeamId, awayTeamId, score, date)VALUES (327,601089,211, 214,"3-0", "2017-04-14T17:15:00");
		INSERT INTO h2h (idh2h, idfixture, homeTeamId, awayTeamId, score, date)VALUES (328,601089,214, 211,"1-1", "2017-10-01T20:30:00");
		INSERT INTO h2h (idh2h, idfixture, homeTeamId, awayTeamId, score, date)VALUES (329,601089,211, 214,"5-0", "2018-03-03T18:15:00");
		INSERT INTO h2h (idh2h, idfixture, homeTeamId, awayTeamId, score, date)VALUES (330,601089,214, 211,"0-1", "2018-12-16T17:30:00");
		INSERT INTO h2h (idh2h, idfixture, homeTeamId, awayTeamId, score, date)VALUES (331,601089,211, 214,"6-0", "2019-04-22T19:15:00");
		INSERT INTO h2h (idh2h, idfixture, homeTeamId, awayTeamId, score, date)VALUES (332,601089,211, 214,"4-0", "2019-11-30T18:00:00");
		INSERT INTO h2h (idh2h, idfixture, homeTeamId, awayTeamId, score, date)VALUES (333,601089,214, 211,"2-0", "2020-06-29T17:00:00");
		INSERT INTO h2h (idh2h, idfixture, homeTeamId, awayTeamId, score, date)VALUES (334,601089,214, 211,"None", "2020-11-30T19:00:00");
		INSERT INTO h2h (idh2h, idfixture, homeTeamId, awayTeamId, score, date)VALUES (335,601089,211, 214,"None", "2021-04-03T15:00:00");
INSERT INTO fixture (idfixture, begintime, hometeam,awayteam, idleague, state, oddhome, oddaway, odddraw, scoreHome, scoreAway) VALUES (592240,"2020-11-30T20:00:00", 48, 66,2790, "Not Started", 0,0,0, 0, 0);
		INSERT INTO h2h (idh2h, idfixture, homeTeamId, awayTeamId, score, date)VALUES (336,592240,66, 48,"3-0", "2010-08-14T14:00:00");
		INSERT INTO h2h (idh2h, idfixture, homeTeamId, awayTeamId, score, date)VALUES (337,592240,48, 66,"1-2", "2011-04-16T14:00:00");
		INSERT INTO h2h (idh2h, idfixture, homeTeamId, awayTeamId, score, date)VALUES (338,592240,48, 66,"1-0", "2012-08-18T14:00:00");
		INSERT INTO h2h (idh2h, idfixture, homeTeamId, awayTeamId, score, date)VALUES (339,592240,66, 48,"2-1", "2013-02-10T13:30:00");
		INSERT INTO h2h (idh2h, idfixture, homeTeamId, awayTeamId, score, date)VALUES (340,592240,48, 66,"0-0", "2013-11-02T15:00:00");
		INSERT INTO h2h (idh2h, idfixture, homeTeamId, awayTeamId, score, date)VALUES (341,592240,66, 48,"0-2", "2014-02-08T15:00:00");
		INSERT INTO h2h (idh2h, idfixture, homeTeamId, awayTeamId, score, date)VALUES (342,592240,48, 66,"0-0", "2014-11-08T15:00:00");
		INSERT INTO h2h (idh2h, idfixture, homeTeamId, awayTeamId, score, date)VALUES (343,592240,66, 48,"1-0", "2015-05-09T14:00:00");
		INSERT INTO h2h (idh2h, idfixture, homeTeamId, awayTeamId, score, date)VALUES (344,592240,66, 48,"1-1", "2015-12-26T15:00:00");
		INSERT INTO h2h (idh2h, idfixture, homeTeamId, awayTeamId, score, date)VALUES (345,592240,48, 66,"2-0", "2016-02-02T19:45:00");
		INSERT INTO h2h (idh2h, idfixture, homeTeamId, awayTeamId, score, date)VALUES (346,592240,66, 48,"0-0", "2019-09-16T19:00:00");
		INSERT INTO h2h (idh2h, idfixture, homeTeamId, awayTeamId, score, date)VALUES (347,592240,48, 66,"1-1", "2020-07-26T15:00:00");
		INSERT INTO h2h (idh2h, idfixture, homeTeamId, awayTeamId, score, date)VALUES (348,592240,48, 66,"None", "2020-11-30T20:00:00");
		INSERT INTO h2h (idh2h, idfixture, homeTeamId, awayTeamId, score, date)VALUES (349,592240,66, 48,"None", "2021-02-02T19:45:00");
INSERT INTO fixture (idfixture, begintime, hometeam,awayteam, idleague, state, oddhome, oddaway, odddraw, scoreHome, scoreAway) VALUES (605166,"2020-11-30T20:00:00", 543, 545,2833, "Not Started", 0,0,0, 0, 0);
		INSERT INTO h2h (idh2h, idfixture, homeTeamId, awayTeamId, score, date)VALUES (350,605166,543, 545,"0-4", "2016-01-03T15:00:00");
		INSERT INTO h2h (idh2h, idfixture, homeTeamId, awayTeamId, score, date)VALUES (351,605166,545, 543,"1-1", "2016-05-08T15:00:00");
		INSERT INTO h2h (idh2h, idfixture, homeTeamId, awayTeamId, score, date)VALUES (352,605166,545, 543,"3-1", "2016-11-25T19:45:00");
		INSERT INTO h2h (idh2h, idfixture, homeTeamId, awayTeamId, score, date)VALUES (353,605166,543, 545,"2-0", "2017-04-16T16:30:00");
		INSERT INTO h2h (idh2h, idfixture, homeTeamId, awayTeamId, score, date)VALUES (354,605166,545, 543,"5-0", "2017-11-20T20:00:00");
		INSERT INTO h2h (idh2h, idfixture, homeTeamId, awayTeamId, score, date)VALUES (355,605166,543, 545,"2-0", "2018-04-07T16:30:00");
		INSERT INTO h2h (idh2h, idfixture, homeTeamId, awayTeamId, score, date)VALUES (356,605166,543, 545,"1-1", "2018-12-22T12:00:00");
		INSERT INTO h2h (idh2h, idfixture, homeTeamId, awayTeamId, score, date)VALUES (357,605166,545, 543,"1-0", "2019-05-05T12:00:00");
		INSERT INTO h2h (idh2h, idfixture, homeTeamId, awayTeamId, score, date)VALUES (358,605166,543, 545,"1-1", "2019-10-04T19:00:00");
		INSERT INTO h2h (idh2h, idfixture, homeTeamId, awayTeamId, score, date)VALUES (359,605166,545, 543,"1-1", "2020-02-02T13:00:00");
		INSERT INTO h2h (idh2h, idfixture, homeTeamId, awayTeamId, score, date)VALUES (360,605166,543, 545,"None", "2020-11-30T20:00:00");
		INSERT INTO h2h (idh2h, idfixture, homeTeamId, awayTeamId, score, date)VALUES (361,605166,545, 543,"None", "2021-05-12T00:00:00");
INSERT INTO fixture (idfixture, begintime, hometeam,awayteam, idleague, state, oddhome, oddaway, odddraw, scoreHome, scoreAway) VALUES (601080,"2020-12-01T21:45:00", 215, 234,2826, "Not Started", 0,0,0, 0, 0);
		INSERT INTO h2h (idh2h, idfixture, homeTeamId, awayTeamId, score, date)VALUES (362,601080,234, 215,"1-1", "2012-08-19T17:00:00");
		INSERT INTO h2h (idh2h, idfixture, homeTeamId, awayTeamId, score, date)VALUES (363,601080,215, 234,"0-5", "2013-01-27T16:00:00");
		INSERT INTO h2h (idh2h, idfixture, homeTeamId, awayTeamId, score, date)VALUES (364,601080,215, 234,"2-0", "2014-12-07T16:00:00");
		INSERT INTO h2h (idh2h, idfixture, homeTeamId, awayTeamId, score, date)VALUES (365,601080,234, 215,"0-0", "2015-04-19T15:00:00");
		INSERT INTO h2h (idh2h, idfixture, homeTeamId, awayTeamId, score, date)VALUES (366,601080,215, 234,"2-0", "2015-11-08T16:00:00");
		INSERT INTO h2h (idh2h, idfixture, homeTeamId, awayTeamId, score, date)VALUES (367,601080,234, 215,"0-0", "2016-03-20T16:00:00");
		INSERT INTO h2h (idh2h, idfixture, homeTeamId, awayTeamId, score, date)VALUES (368,601080,215, 234,"1-1", "2016-08-13T15:00:00");
		INSERT INTO h2h (idh2h, idfixture, homeTeamId, awayTeamId, score, date)VALUES (369,601080,234, 215,"0-2", "2017-01-20T20:30:00");
		INSERT INTO h2h (idh2h, idfixture, homeTeamId, awayTeamId, score, date)VALUES (370,601080,234, 215,"3-2", "2017-09-30T15:00:00");
		INSERT INTO h2h (idh2h, idfixture, homeTeamId, awayTeamId, score, date)VALUES (371,601080,215, 234,"2-0", "2018-03-04T16:00:00");
		INSERT INTO h2h (idh2h, idfixture, homeTeamId, awayTeamId, score, date)VALUES (372,601080,234, 215,"1-0", "2020-01-05T15:00:00");
		INSERT INTO h2h (idh2h, idfixture, homeTeamId, awayTeamId, score, date)VALUES (373,601080,215, 234,"1-1", "2020-07-15T16:00:00");
		INSERT INTO h2h (idh2h, idfixture, homeTeamId, awayTeamId, score, date)VALUES (374,601080,215, 234,"None", "2020-12-01T21:45:00");
		INSERT INTO h2h (idh2h, idfixture, homeTeamId, awayTeamId, score, date)VALUES (375,601080,234, 215,"None", "2021-03-21T16:00:00");
