INSERT INTO country (idcountry, name, flag) VALUES ("EN", "England", "https://media.api-sports.io/flags/gb.svg");
INSERT INTO country (idcountry, name, flag) VALUES ("ES", "Spain", "https://media.api-sports.io/flags/es.svg");
INSERT INTO country (idcountry, name, flag) VALUES ("PT", "Portugal", "https://media.api-sports.io/flags/pt.svg");
INSERT INTO league (idleague, name, logo, idcountry) VALUES (2790, "Premier League", "https://media.api-sports.io/football/leagues/39.png", "EN");
INSERT INTO league (idleague, name, logo, idcountry) VALUES (2826, "Primeira Divisão", "https://media.api-sports.io/football/leagues/94.png", "PT");
INSERT INTO league (idleague, name, logo, idcountry) VALUES (2833, "Primera Division", "https://media.api-sports.io/football/leagues/140.png", "ES");
INSERT INTO team (idteam, name, logo) VALUES (33, "Manchester United", "https://media.api-sports.io/football/teams/33.png");
INSERT INTO team (idteam, name, logo) VALUES (34, "Newcastle", "https://media.api-sports.io/football/teams/34.png");
INSERT INTO team (idteam, name, logo) VALUES (36, "Fulham", "https://media.api-sports.io/football/teams/36.png");
INSERT INTO team (idteam, name, logo) VALUES (39, "Wolves", "https://media.api-sports.io/football/teams/39.png");
INSERT INTO team (idteam, name, logo) VALUES (40, "Liverpool", "https://media.api-sports.io/football/teams/40.png");
INSERT INTO team (idteam, name, logo) VALUES (41, "Southampton", "https://media.api-sports.io/football/teams/41.png");
INSERT INTO team (idteam, name, logo) VALUES (42, "Arsenal", "https://media.api-sports.io/football/teams/42.png");
INSERT INTO team (idteam, name, logo) VALUES (44, "Burnley", "https://media.api-sports.io/football/teams/44.png");
INSERT INTO team (idteam, name, logo) VALUES (45, "Everton", "https://media.api-sports.io/football/teams/45.png");
INSERT INTO team (idteam, name, logo) VALUES (46, "Leicester", "https://media.api-sports.io/football/teams/46.png");
INSERT INTO team (idteam, name, logo) VALUES (47, "Tottenham", "https://media.api-sports.io/football/teams/47.png");
INSERT INTO team (idteam, name, logo) VALUES (48, "West Ham", "https://media.api-sports.io/football/teams/48.png");
INSERT INTO team (idteam, name, logo) VALUES (49, "Chelsea", "https://media.api-sports.io/football/teams/49.png");
INSERT INTO team (idteam, name, logo) VALUES (50, "Manchester City", "https://media.api-sports.io/football/teams/50.png");
INSERT INTO team (idteam, name, logo) VALUES (51, "Brighton", "https://media.api-sports.io/football/teams/51.png");
INSERT INTO team (idteam, name, logo) VALUES (52, "Crystal Palace", "https://media.api-sports.io/football/teams/52.png");
INSERT INTO team (idteam, name, logo) VALUES (60, "West Brom", "https://media.api-sports.io/football/teams/60.png");
INSERT INTO team (idteam, name, logo) VALUES (62, "Sheffield Utd", "https://media.api-sports.io/football/teams/62.png");
INSERT INTO team (idteam, name, logo) VALUES (63, "Leeds", "https://media.api-sports.io/football/teams/63.png");
INSERT INTO team (idteam, name, logo) VALUES (66, "Aston Villa", "https://media.api-sports.io/football/teams/66.png");
INSERT INTO team (idteam, name, logo) VALUES (211, "Benfica", "https://media.api-sports.io/football/teams/211.png");
INSERT INTO team (idteam, name, logo) VALUES (212, "FC Porto", "https://media.api-sports.io/football/teams/212.png");
INSERT INTO team (idteam, name, logo) VALUES (214, "Maritimo", "https://media.api-sports.io/football/teams/214.png");
INSERT INTO team (idteam, name, logo) VALUES (215, "Moreirense", "https://media.api-sports.io/football/teams/215.png");
INSERT INTO team (idteam, name, logo) VALUES (216, "Portimonense", "https://media.api-sports.io/football/teams/216.png");
INSERT INTO team (idteam, name, logo) VALUES (217, "SC Braga", "https://media.api-sports.io/football/teams/217.png");
INSERT INTO team (idteam, name, logo) VALUES (218, "Tondela", "https://media.api-sports.io/football/teams/218.png");
INSERT INTO team (idteam, name, logo) VALUES (221, "Belenenses", "https://media.api-sports.io/football/teams/221.png");
INSERT INTO team (idteam, name, logo) VALUES (222, "Boavista", "https://media.api-sports.io/football/teams/222.png");
INSERT INTO team (idteam, name, logo) VALUES (224, "Guimaraes", "https://media.api-sports.io/football/teams/224.png");
INSERT INTO team (idteam, name, logo) VALUES (225, "Nacional", "https://media.api-sports.io/football/teams/225.png");
INSERT INTO team (idteam, name, logo) VALUES (226, "Rio Ave", "https://media.api-sports.io/football/teams/226.png");
INSERT INTO team (idteam, name, logo) VALUES (227, "Santa Clara", "https://media.api-sports.io/football/teams/227.png");
INSERT INTO team (idteam, name, logo) VALUES (228, "Sporting CP", "https://media.api-sports.io/football/teams/228.png");
INSERT INTO team (idteam, name, logo) VALUES (231, "Farense", "https://media.api-sports.io/football/teams/231.png");
INSERT INTO team (idteam, name, logo) VALUES (234, "Pacos Ferreira", "https://media.api-sports.io/football/teams/234.png");
INSERT INTO team (idteam, name, logo) VALUES (242, "Famalicao", "https://media.api-sports.io/football/teams/242.png");
INSERT INTO team (idteam, name, logo) VALUES (529, "Barcelona", "https://media.api-sports.io/football/teams/529.png");
INSERT INTO team (idteam, name, logo) VALUES (530, "Atletico Madrid", "https://media.api-sports.io/football/teams/530.png");
INSERT INTO team (idteam, name, logo) VALUES (531, "Athletic Club", "https://media.api-sports.io/football/teams/531.png");
INSERT INTO team (idteam, name, logo) VALUES (532, "Valencia", "https://media.api-sports.io/football/teams/532.png");
INSERT INTO team (idteam, name, logo) VALUES (533, "Villarreal", "https://media.api-sports.io/football/teams/533.png");
INSERT INTO team (idteam, name, logo) VALUES (536, "Sevilla", "https://media.api-sports.io/football/teams/536.png");
INSERT INTO team (idteam, name, logo) VALUES (538, "Celta Vigo", "https://media.api-sports.io/football/teams/538.png");
INSERT INTO team (idteam, name, logo) VALUES (539, "Levante", "https://media.api-sports.io/football/teams/539.png");
INSERT INTO team (idteam, name, logo) VALUES (541, "Real Madrid", "https://media.api-sports.io/football/teams/541.png");
INSERT INTO team (idteam, name, logo) VALUES (542, "Alaves", "https://media.api-sports.io/football/teams/542.png");
INSERT INTO team (idteam, name, logo) VALUES (543, "Real Betis", "https://media.api-sports.io/football/teams/543.png");
INSERT INTO team (idteam, name, logo) VALUES (545, "Eibar", "https://media.api-sports.io/football/teams/545.png");
INSERT INTO team (idteam, name, logo) VALUES (546, "Getafe", "https://media.api-sports.io/football/teams/546.png");
INSERT INTO team (idteam, name, logo) VALUES (548, "Real Sociedad", "https://media.api-sports.io/football/teams/548.png");
INSERT INTO team (idteam, name, logo) VALUES (715, "Granada CF", "https://media.api-sports.io/football/teams/715.png");
INSERT INTO team (idteam, name, logo) VALUES (720, "Valladolid", "https://media.api-sports.io/football/teams/720.png");
INSERT INTO team (idteam, name, logo) VALUES (724, "Cadiz", "https://media.api-sports.io/football/teams/724.png");
INSERT INTO team (idteam, name, logo) VALUES (726, "Huesca", "https://media.api-sports.io/football/teams/726.png");
INSERT INTO team (idteam, name, logo) VALUES (727, "Osasuna", "https://media.api-sports.io/football/teams/727.png");
INSERT INTO team (idteam, name, logo) VALUES (762, "GIL Vicente", "https://media.api-sports.io/football/teams/762.png");
INSERT INTO team (idteam, name, logo) VALUES (797, "Elche", "https://media.api-sports.io/football/teams/797.png");
INSERT INTO team_stats (idteam_stats, idleague, idteam, matchsPlayedHome, matchsPlayedAway, winsHome,winsAway, drawsHome, drawsAway, losesHome, losesAway, goalsForHome,goalsForAway, goalsAgainstHome, goalsAgainstAway,matchsPlayedTotal, winsTotal, drawsTotal, losesTotal, goalsForTotal, goalsAgainstTotal, goalsDiff, position, team_stats.group, points, forme) VALUES (1, 2790, 47,6,6,3,4,2,2,1,0,10,14,6,4,12,7,4,1,24,10,14.0,1,"Premier League", 25,"DWDWW");
INSERT INTO team_stats (idteam_stats, idleague, idteam, matchsPlayedHome, matchsPlayedAway, winsHome,winsAway, drawsHome, drawsAway, losesHome, losesAway, goalsForHome,goalsForAway, goalsAgainstHome, goalsAgainstAway,matchsPlayedTotal, winsTotal, drawsTotal, losesTotal, goalsForTotal, goalsAgainstTotal, goalsDiff, position, team_stats.group, points, forme) VALUES (2, 2790, 40,6,6,6,1,0,4,0,1,18,9,6,12,12,7,4,1,27,18,9.0,2,"Premier League", 25,"DWDWD");
INSERT INTO team_stats (idteam_stats, idleague, idteam, matchsPlayedHome, matchsPlayedAway, winsHome,winsAway, drawsHome, drawsAway, losesHome, losesAway, goalsForHome,goalsForAway, goalsAgainstHome, goalsAgainstAway,matchsPlayedTotal, winsTotal, drawsTotal, losesTotal, goalsForTotal, goalsAgainstTotal, goalsDiff, position, team_stats.group, points, forme) VALUES (3, 2790, 46,6,6,3,5,0,0,3,1,9,15,8,7,12,8,0,4,24,15,9.0,3,"Premier League", 24,"WWLLW");
INSERT INTO team_stats (idteam_stats, idleague, idteam, matchsPlayedHome, matchsPlayedAway, winsHome,winsAway, drawsHome, drawsAway, losesHome, losesAway, goalsForHome,goalsForAway, goalsAgainstHome, goalsAgainstAway,matchsPlayedTotal, winsTotal, drawsTotal, losesTotal, goalsForTotal, goalsAgainstTotal, goalsDiff, position, team_stats.group, points, forme) VALUES (4, 2790, 41,6,6,4,3,0,2,2,1,13,11,8,9,12,7,2,3,24,17,7.0,4,"Premier League", 23,"WWLDW");
INSERT INTO team_stats (idteam_stats, idleague, idteam, matchsPlayedHome, matchsPlayedAway, winsHome,winsAway, drawsHome, drawsAway, losesHome, losesAway, goalsForHome,goalsForAway, goalsAgainstHome, goalsAgainstAway,matchsPlayedTotal, winsTotal, drawsTotal, losesTotal, goalsForTotal, goalsAgainstTotal, goalsDiff, position, team_stats.group, points, forme) VALUES (5, 2790, 49,6,6,3,3,2,2,1,1,14,11,7,5,12,6,4,2,25,12,13.0,5,"Premier League", 22,"LWDWW");
INSERT INTO team_stats (idteam_stats, idleague, idteam, matchsPlayedHome, matchsPlayedAway, winsHome,winsAway, drawsHome, drawsAway, losesHome, losesAway, goalsForHome,goalsForAway, goalsAgainstHome, goalsAgainstAway,matchsPlayedTotal, winsTotal, drawsTotal, losesTotal, goalsForTotal, goalsAgainstTotal, goalsDiff, position, team_stats.group, points, forme) VALUES (6, 2790, 48,6,6,3,3,1,1,2,2,9,11,7,8,12,6,2,4,20,15,5.0,6,"Premier League", 20,"WLWWW");
INSERT INTO team_stats (idteam_stats, idleague, idteam, matchsPlayedHome, matchsPlayedAway, winsHome,winsAway, drawsHome, drawsAway, losesHome, losesAway, goalsForHome,goalsForAway, goalsAgainstHome, goalsAgainstAway,matchsPlayedTotal, winsTotal, drawsTotal, losesTotal, goalsForTotal, goalsAgainstTotal, goalsDiff, position, team_stats.group, points, forme) VALUES (7, 2790, 45,6,6,3,3,1,1,2,2,13,8,10,8,12,6,2,4,21,18,3.0,7,"Premier League", 20,"WDLWL");
INSERT INTO team_stats (idteam_stats, idleague, idteam, matchsPlayedHome, matchsPlayedAway, winsHome,winsAway, drawsHome, drawsAway, losesHome, losesAway, goalsForHome,goalsForAway, goalsAgainstHome, goalsAgainstAway,matchsPlayedTotal, winsTotal, drawsTotal, losesTotal, goalsForTotal, goalsAgainstTotal, goalsDiff, position, team_stats.group, points, forme) VALUES (8, 2790, 33,6,5,1,5,2,0,3,0,3,16,10,7,11,6,2,3,19,17,2.0,8,"Premier League", 20,"DWWWW");
INSERT INTO team_stats (idteam_stats, idleague, idteam, matchsPlayedHome, matchsPlayedAway, winsHome,winsAway, drawsHome, drawsAway, losesHome, losesAway, goalsForHome,goalsForAway, goalsAgainstHome, goalsAgainstAway,matchsPlayedTotal, winsTotal, drawsTotal, losesTotal, goalsForTotal, goalsAgainstTotal, goalsDiff, position, team_stats.group, points, forme) VALUES (9, 2790, 50,5,6,3,2,1,3,1,1,11,6,6,5,11,5,4,2,17,11,6.0,9,"Premier League", 19,"DWWLD");
INSERT INTO team_stats (idteam_stats, idleague, idteam, matchsPlayedHome, matchsPlayedAway, winsHome,winsAway, drawsHome, drawsAway, losesHome, losesAway, goalsForHome,goalsForAway, goalsAgainstHome, goalsAgainstAway,matchsPlayedTotal, winsTotal, drawsTotal, losesTotal, goalsForTotal, goalsAgainstTotal, goalsDiff, position, team_stats.group, points, forme) VALUES (10, 2790, 66,5,5,2,4,0,0,3,1,12,9,11,2,10,6,0,4,21,13,8.0,10,"Premier League", 18,"WLLWL");
INSERT INTO team_stats (idteam_stats, idleague, idteam, matchsPlayedHome, matchsPlayedAway, winsHome,winsAway, drawsHome, drawsAway, losesHome, losesAway, goalsForHome,goalsForAway, goalsAgainstHome, goalsAgainstAway,matchsPlayedTotal, winsTotal, drawsTotal, losesTotal, goalsForTotal, goalsAgainstTotal, goalsDiff, position, team_stats.group, points, forme) VALUES (11, 2790, 52,6,6,2,3,2,0,2,3,8,10,7,10,12,5,2,5,18,17,1.0,11,"Premier League", 17,"DWLLW");
INSERT INTO team_stats (idteam_stats, idleague, idteam, matchsPlayedHome, matchsPlayedAway, winsHome,winsAway, drawsHome, drawsAway, losesHome, losesAway, goalsForHome,goalsForAway, goalsAgainstHome, goalsAgainstAway,matchsPlayedTotal, winsTotal, drawsTotal, losesTotal, goalsForTotal, goalsAgainstTotal, goalsDiff, position, team_stats.group, points, forme) VALUES (12, 2790, 34,6,5,3,2,0,2,3,1,8,6,12,4,11,5,2,4,14,16,-2.0,12,"Premier League", 17,"WWLLW");
INSERT INTO team_stats (idteam_stats, idleague, idteam, matchsPlayedHome, matchsPlayedAway, winsHome,winsAway, drawsHome, drawsAway, losesHome, losesAway, goalsForHome,goalsForAway, goalsAgainstHome, goalsAgainstAway,matchsPlayedTotal, winsTotal, drawsTotal, losesTotal, goalsForTotal, goalsAgainstTotal, goalsDiff, position, team_stats.group, points, forme) VALUES (13, 2790, 39,6,6,2,3,2,0,2,3,6,5,6,10,12,5,2,5,11,16,-5.0,13,"Premier League", 17,"LLWDL");
INSERT INTO team_stats (idteam_stats, idleague, idteam, matchsPlayedHome, matchsPlayedAway, winsHome,winsAway, drawsHome, drawsAway, losesHome, losesAway, goalsForHome,goalsForAway, goalsAgainstHome, goalsAgainstAway,matchsPlayedTotal, winsTotal, drawsTotal, losesTotal, goalsForTotal, goalsAgainstTotal, goalsDiff, position, team_stats.group, points, forme) VALUES (14, 2790, 63,6,6,1,3,2,0,3,3,7,10,11,11,12,4,2,6,17,22,-5.0,14,"Premier League", 14,"LLWDL");
INSERT INTO team_stats (idteam_stats, idleague, idteam, matchsPlayedHome, matchsPlayedAway, winsHome,winsAway, drawsHome, drawsAway, losesHome, losesAway, goalsForHome,goalsForAway, goalsAgainstHome, goalsAgainstAway,matchsPlayedTotal, winsTotal, drawsTotal, losesTotal, goalsForTotal, goalsAgainstTotal, goalsDiff, position, team_stats.group, points, forme) VALUES (15, 2790, 42,6,6,2,2,0,1,4,3,5,5,9,6,12,4,1,7,10,15,-5.0,15,"Premier League", 13,"LLLDL");
INSERT INTO team_stats (idteam_stats, idleague, idteam, matchsPlayedHome, matchsPlayedAway, winsHome,winsAway, drawsHome, drawsAway, losesHome, losesAway, goalsForHome,goalsForAway, goalsAgainstHome, goalsAgainstAway,matchsPlayedTotal, winsTotal, drawsTotal, losesTotal, goalsForTotal, goalsAgainstTotal, goalsDiff, position, team_stats.group, points, forme) VALUES (16, 2790, 51,6,6,0,2,3,1,3,3,6,9,10,11,12,2,4,6,15,21,-6.0,16,"Premier League", 10,"LLDWD");
INSERT INTO team_stats (idteam_stats, idleague, idteam, matchsPlayedHome, matchsPlayedAway, winsHome,winsAway, drawsHome, drawsAway, losesHome, losesAway, goalsForHome,goalsForAway, goalsAgainstHome, goalsAgainstAway,matchsPlayedTotal, winsTotal, drawsTotal, losesTotal, goalsForTotal, goalsAgainstTotal, goalsDiff, position, team_stats.group, points, forme) VALUES (17, 2790, 44,5,6,1,1,1,2,3,3,2,4,6,12,11,2,3,6,6,18,-12.0,17,"Premier League", 9,"WDLWD");
INSERT INTO team_stats (idteam_stats, idleague, idteam, matchsPlayedHome, matchsPlayedAway, winsHome,winsAway, drawsHome, drawsAway, losesHome, losesAway, goalsForHome,goalsForAway, goalsAgainstHome, goalsAgainstAway,matchsPlayedTotal, winsTotal, drawsTotal, losesTotal, goalsForTotal, goalsAgainstTotal, goalsDiff, position, team_stats.group, points, forme) VALUES (18, 2790, 36,6,6,1,1,1,1,4,4,6,6,12,10,12,2,2,8,12,22,-10.0,18,"Premier League", 8,"DLWLL");
INSERT INTO team_stats (idteam_stats, idleague, idteam, matchsPlayedHome, matchsPlayedAway, winsHome,winsAway, drawsHome, drawsAway, losesHome, losesAway, goalsForHome,goalsForAway, goalsAgainstHome, goalsAgainstAway,matchsPlayedTotal, winsTotal, drawsTotal, losesTotal, goalsForTotal, goalsAgainstTotal, goalsDiff, position, team_stats.group, points, forme) VALUES (19, 2790, 60,6,6,1,0,2,1,3,5,5,4,12,13,12,1,3,8,9,25,-16.0,19,"Premier League", 6,"LLWLL");
INSERT INTO team_stats (idteam_stats, idleague, idteam, matchsPlayedHome, matchsPlayedAway, winsHome,winsAway, drawsHome, drawsAway, losesHome, losesAway, goalsForHome,goalsForAway, goalsAgainstHome, goalsAgainstAway,matchsPlayedTotal, winsTotal, drawsTotal, losesTotal, goalsForTotal, goalsAgainstTotal, goalsDiff, position, team_stats.group, points, forme) VALUES (20, 2790, 62,6,6,0,0,1,0,5,6,2,3,8,13,12,0,1,11,5,21,-16.0,20,"Premier League", 1,"LLLLL");
INSERT INTO team_stats (idteam_stats, idleague, idteam, matchsPlayedHome, matchsPlayedAway, winsHome,winsAway, drawsHome, drawsAway, losesHome, losesAway, goalsForHome,goalsForAway, goalsAgainstHome, goalsAgainstAway,matchsPlayedTotal, winsTotal, drawsTotal, losesTotal, goalsForTotal, goalsAgainstTotal, goalsDiff, position, team_stats.group, points, forme) VALUES (21, 2833, 548,7,6,3,4,3,2,1,0,11,12,4,2,13,7,5,1,23,6,17.0,1,"Primera División", 26,"DDDWW");
INSERT INTO team_stats (idteam_stats, idleague, idteam, matchsPlayedHome, matchsPlayedAway, winsHome,winsAway, drawsHome, drawsAway, losesHome, losesAway, goalsForHome,goalsForAway, goalsAgainstHome, goalsAgainstAway,matchsPlayedTotal, winsTotal, drawsTotal, losesTotal, goalsForTotal, goalsAgainstTotal, goalsDiff, position, team_stats.group, points, forme) VALUES (22, 2833, 530,6,5,5,3,1,1,0,1,15,6,1,3,11,8,2,1,21,4,17.0,2,"Primera División", 26,"LWWWW");
INSERT INTO team_stats (idteam_stats, idleague, idteam, matchsPlayedHome, matchsPlayedAway, winsHome,winsAway, drawsHome, drawsAway, losesHome, losesAway, goalsForHome,goalsForAway, goalsAgainstHome, goalsAgainstAway,matchsPlayedTotal, winsTotal, drawsTotal, losesTotal, goalsForTotal, goalsAgainstTotal, goalsDiff, position, team_stats.group, points, forme) VALUES (23, 2833, 541,5,7,3,4,0,2,2,1,8,11,4,8,12,7,2,3,19,12,7.0,3,"Primera División", 23,"WWLDL");
INSERT INTO team_stats (idteam_stats, idleague, idteam, matchsPlayedHome, matchsPlayedAway, winsHome,winsAway, drawsHome, drawsAway, losesHome, losesAway, goalsForHome,goalsForAway, goalsAgainstHome, goalsAgainstAway,matchsPlayedTotal, winsTotal, drawsTotal, losesTotal, goalsForTotal, goalsAgainstTotal, goalsDiff, position, team_stats.group, points, forme) VALUES (24, 2833, 533,7,6,4,1,3,4,0,1,11,5,5,7,13,5,7,1,16,12,4.0,4,"Primera División", 22,"DDDDW");
INSERT INTO team_stats (idteam_stats, idleague, idteam, matchsPlayedHome, matchsPlayedAway, winsHome,winsAway, drawsHome, drawsAway, losesHome, losesAway, goalsForHome,goalsForAway, goalsAgainstHome, goalsAgainstAway,matchsPlayedTotal, winsTotal, drawsTotal, losesTotal, goalsForTotal, goalsAgainstTotal, goalsDiff, position, team_stats.group, points, forme) VALUES (25, 2833, 536,5,6,3,3,0,1,2,2,6,7,4,5,11,6,1,4,13,9,4.0,5,"Primera División", 19,"WLWWW");
INSERT INTO team_stats (idteam_stats, idleague, idteam, matchsPlayedHome, matchsPlayedAway, winsHome,winsAway, drawsHome, drawsAway, losesHome, losesAway, goalsForHome,goalsForAway, goalsAgainstHome, goalsAgainstAway,matchsPlayedTotal, winsTotal, drawsTotal, losesTotal, goalsForTotal, goalsAgainstTotal, goalsDiff, position, team_stats.group, points, forme) VALUES (26, 2833, 715,6,6,3,2,2,1,1,3,10,5,8,12,12,5,3,4,15,20,-5.0,6,"Primera División", 18,"WDLLL");
INSERT INTO team_stats (idteam_stats, idleague, idteam, matchsPlayedHome, matchsPlayedAway, winsHome,winsAway, drawsHome, drawsAway, losesHome, losesAway, goalsForHome,goalsForAway, goalsAgainstHome, goalsAgainstAway,matchsPlayedTotal, winsTotal, drawsTotal, losesTotal, goalsForTotal, goalsAgainstTotal, goalsDiff, position, team_stats.group, points, forme) VALUES (27, 2833, 724,6,7,1,4,2,1,3,2,4,7,8,9,13,5,3,5,11,17,-6.0,7,"Primera División", 18,"LWDLL");
INSERT INTO team_stats (idteam_stats, idleague, idteam, matchsPlayedHome, matchsPlayedAway, winsHome,winsAway, drawsHome, drawsAway, losesHome, losesAway, goalsForHome,goalsForAway, goalsAgainstHome, goalsAgainstAway,matchsPlayedTotal, winsTotal, drawsTotal, losesTotal, goalsForTotal, goalsAgainstTotal, goalsDiff, position, team_stats.group, points, forme) VALUES (28, 2833, 529,6,5,4,1,1,1,1,3,16,5,6,5,11,5,2,4,21,11,10.0,8,"Primera División", 17,"WLWLW");
INSERT INTO team_stats (idteam_stats, idleague, idteam, matchsPlayedHome, matchsPlayedAway, winsHome,winsAway, drawsHome, drawsAway, losesHome, losesAway, goalsForHome,goalsForAway, goalsAgainstHome, goalsAgainstAway,matchsPlayedTotal, winsTotal, drawsTotal, losesTotal, goalsForTotal, goalsAgainstTotal, goalsDiff, position, team_stats.group, points, forme) VALUES (29, 2833, 538,6,7,3,1,0,4,3,2,10,7,11,9,13,4,4,5,17,20,-3.0,9,"Primera División", 16,"WWWLD");
INSERT INTO team_stats (idteam_stats, idleague, idteam, matchsPlayedHome, matchsPlayedAway, winsHome,winsAway, drawsHome, drawsAway, losesHome, losesAway, goalsForHome,goalsForAway, goalsAgainstHome, goalsAgainstAway,matchsPlayedTotal, winsTotal, drawsTotal, losesTotal, goalsForTotal, goalsAgainstTotal, goalsDiff, position, team_stats.group, points, forme) VALUES (30, 2833, 543,6,7,2,3,1,0,3,4,8,7,10,14,13,5,1,7,15,24,-9.0,10,"Primera División", 16,"DWLLL");
INSERT INTO team_stats (idteam_stats, idleague, idteam, matchsPlayedHome, matchsPlayedAway, winsHome,winsAway, drawsHome, drawsAway, losesHome, losesAway, goalsForHome,goalsForAway, goalsAgainstHome, goalsAgainstAway,matchsPlayedTotal, winsTotal, drawsTotal, losesTotal, goalsForTotal, goalsAgainstTotal, goalsDiff, position, team_stats.group, points, forme) VALUES (31, 2833, 545,7,6,0,3,4,2,3,1,1,8,5,5,13,3,6,4,9,10,-1.0,11,"Primera División", 15,"DDWDD");
INSERT INTO team_stats (idteam_stats, idleague, idteam, matchsPlayedHome, matchsPlayedAway, winsHome,winsAway, drawsHome, drawsAway, losesHome, losesAway, goalsForHome,goalsForAway, goalsAgainstHome, goalsAgainstAway,matchsPlayedTotal, winsTotal, drawsTotal, losesTotal, goalsForTotal, goalsAgainstTotal, goalsDiff, position, team_stats.group, points, forme) VALUES (32, 2833, 532,7,6,2,1,3,2,2,3,13,6,11,8,13,3,5,5,19,19,0.0,12,"Primera División", 14,"DDLDW");
INSERT INTO team_stats (idteam_stats, idleague, idteam, matchsPlayedHome, matchsPlayedAway, winsHome,winsAway, drawsHome, drawsAway, losesHome, losesAway, goalsForHome,goalsForAway, goalsAgainstHome, goalsAgainstAway,matchsPlayedTotal, winsTotal, drawsTotal, losesTotal, goalsForTotal, goalsAgainstTotal, goalsDiff, position, team_stats.group, points, forme) VALUES (33, 2833, 531,5,7,3,1,0,2,2,4,8,6,4,10,12,4,2,6,14,14,0.0,13,"Primera División", 14,"DLDWL");
INSERT INTO team_stats (idteam_stats, idleague, idteam, matchsPlayedHome, matchsPlayedAway, winsHome,winsAway, drawsHome, drawsAway, losesHome, losesAway, goalsForHome,goalsForAway, goalsAgainstHome, goalsAgainstAway,matchsPlayedTotal, winsTotal, drawsTotal, losesTotal, goalsForTotal, goalsAgainstTotal, goalsDiff, position, team_stats.group, points, forme) VALUES (34, 2833, 797,6,5,1,2,3,2,2,1,4,5,7,4,11,3,5,3,9,11,-2.0,14,"Primera División", 14,"LDDDD");
INSERT INTO team_stats (idteam_stats, idleague, idteam, matchsPlayedHome, matchsPlayedAway, winsHome,winsAway, drawsHome, drawsAway, losesHome, losesAway, goalsForHome,goalsForAway, goalsAgainstHome, goalsAgainstAway,matchsPlayedTotal, winsTotal, drawsTotal, losesTotal, goalsForTotal, goalsAgainstTotal, goalsDiff, position, team_stats.group, points, forme) VALUES (35, 2833, 542,7,6,1,2,4,1,2,3,4,7,6,8,13,3,5,5,11,14,-3.0,15,"Primera División", 14,"LDWDD");
INSERT INTO team_stats (idteam_stats, idleague, idteam, matchsPlayedHome, matchsPlayedAway, winsHome,winsAway, drawsHome, drawsAway, losesHome, losesAway, goalsForHome,goalsForAway, goalsAgainstHome, goalsAgainstAway,matchsPlayedTotal, winsTotal, drawsTotal, losesTotal, goalsForTotal, goalsAgainstTotal, goalsDiff, position, team_stats.group, points, forme) VALUES (36, 2833, 546,7,5,3,0,1,3,3,2,7,2,6,8,12,3,4,5,9,14,-5.0,16,"Primera División", 13,"LLDDL");
INSERT INTO team_stats (idteam_stats, idleague, idteam, matchsPlayedHome, matchsPlayedAway, winsHome,winsAway, drawsHome, drawsAway, losesHome, losesAway, goalsForHome,goalsForAway, goalsAgainstHome, goalsAgainstAway,matchsPlayedTotal, winsTotal, drawsTotal, losesTotal, goalsForTotal, goalsAgainstTotal, goalsDiff, position, team_stats.group, points, forme) VALUES (37, 2833, 720,7,6,2,1,3,1,2,4,9,5,10,10,13,3,4,6,14,20,-6.0,17,"Primera División", 13,"WLDWW");
INSERT INTO team_stats (idteam_stats, idleague, idteam, matchsPlayedHome, matchsPlayedAway, winsHome,winsAway, drawsHome, drawsAway, losesHome, losesAway, goalsForHome,goalsForAway, goalsAgainstHome, goalsAgainstAway,matchsPlayedTotal, winsTotal, drawsTotal, losesTotal, goalsForTotal, goalsAgainstTotal, goalsDiff, position, team_stats.group, points, forme) VALUES (38, 2833, 539,5,7,1,1,3,2,1,4,6,7,5,11,12,2,5,5,13,16,-3.0,18,"Primera División", 11,"LWDDD");
INSERT INTO team_stats (idteam_stats, idleague, idteam, matchsPlayedHome, matchsPlayedAway, winsHome,winsAway, drawsHome, drawsAway, losesHome, losesAway, goalsForHome,goalsForAway, goalsAgainstHome, goalsAgainstAway,matchsPlayedTotal, winsTotal, drawsTotal, losesTotal, goalsForTotal, goalsAgainstTotal, goalsDiff, position, team_stats.group, points, forme) VALUES (39, 2833, 726,6,7,1,0,3,5,2,2,4,8,6,14,13,1,8,4,12,20,-8.0,19,"Primera División", 11,"WDLDD");
INSERT INTO team_stats (idteam_stats, idleague, idteam, matchsPlayedHome, matchsPlayedAway, winsHome,winsAway, drawsHome, drawsAway, losesHome, losesAway, goalsForHome,goalsForAway, goalsAgainstHome, goalsAgainstAway,matchsPlayedTotal, winsTotal, drawsTotal, losesTotal, goalsForTotal, goalsAgainstTotal, goalsDiff, position, team_stats.group, points, forme) VALUES (40, 2833, 727,6,6,2,1,1,1,3,4,6,4,9,9,12,3,2,7,10,18,-8.0,20,"Primera División", 11,"LLLDL");
INSERT INTO team_stats (idteam_stats, idleague, idteam, matchsPlayedHome, matchsPlayedAway, winsHome,winsAway, drawsHome, drawsAway, losesHome, losesAway, goalsForHome,goalsForAway, goalsAgainstHome, goalsAgainstAway,matchsPlayedTotal, winsTotal, drawsTotal, losesTotal, goalsForTotal, goalsAgainstTotal, goalsDiff, position, team_stats.group, points, forme) VALUES (41, 2826, 228,4,5,3,4,1,1,0,0,11,12,4,3,9,7,2,0,23,7,16.0,1,"Primeira Liga", 23,"DWWWW");
INSERT INTO team_stats (idteam_stats, idleague, idteam, matchsPlayedHome, matchsPlayedAway, winsHome,winsAway, drawsHome, drawsAway, losesHome, losesAway, goalsForHome,goalsForAway, goalsAgainstHome, goalsAgainstAway,matchsPlayedTotal, winsTotal, drawsTotal, losesTotal, goalsForTotal, goalsAgainstTotal, goalsDiff, position, team_stats.group, points, forme) VALUES (42, 2826, 211,5,4,4,3,0,0,1,1,11,10,6,5,9,7,0,2,21,11,10.0,2,"Primeira Liga", 21,"WWLLW");
INSERT INTO team_stats (idteam_stats, idleague, idteam, matchsPlayedHome, matchsPlayedAway, winsHome,winsAway, drawsHome, drawsAway, losesHome, losesAway, goalsForHome,goalsForAway, goalsAgainstHome, goalsAgainstAway,matchsPlayedTotal, winsTotal, drawsTotal, losesTotal, goalsForTotal, goalsAgainstTotal, goalsDiff, position, team_stats.group, points, forme) VALUES (43, 2826, 212,5,4,4,2,0,1,1,1,13,10,8,5,9,6,1,2,23,13,10.0,3,"Primeira Liga", 19,"WWWLW");
INSERT INTO team_stats (idteam_stats, idleague, idteam, matchsPlayedHome, matchsPlayedAway, winsHome,winsAway, drawsHome, drawsAway, losesHome, losesAway, goalsForHome,goalsForAway, goalsAgainstHome, goalsAgainstAway,matchsPlayedTotal, winsTotal, drawsTotal, losesTotal, goalsForTotal, goalsAgainstTotal, goalsDiff, position, team_stats.group, points, forme) VALUES (44, 2826, 217,4,5,3,3,0,0,1,2,4,10,2,7,9,6,0,3,14,9,5.0,4,"Primeira Liga", 18,"LWWWW");
INSERT INTO team_stats (idteam_stats, idleague, idteam, matchsPlayedHome, matchsPlayedAway, winsHome,winsAway, drawsHome, drawsAway, losesHome, losesAway, goalsForHome,goalsForAway, goalsAgainstHome, goalsAgainstAway,matchsPlayedTotal, winsTotal, drawsTotal, losesTotal, goalsForTotal, goalsAgainstTotal, goalsDiff, position, team_stats.group, points, forme) VALUES (45, 2826, 224,5,4,2,3,0,1,3,0,2,5,6,1,9,5,1,3,7,7,0.0,5,"Primeira Liga", 16,"WWLWL");
INSERT INTO team_stats (idteam_stats, idleague, idteam, matchsPlayedHome, matchsPlayedAway, winsHome,winsAway, drawsHome, drawsAway, losesHome, losesAway, goalsForHome,goalsForAway, goalsAgainstHome, goalsAgainstAway,matchsPlayedTotal, winsTotal, drawsTotal, losesTotal, goalsForTotal, goalsAgainstTotal, goalsDiff, position, team_stats.group, points, forme) VALUES (46, 2826, 234,4,5,3,1,0,2,1,2,7,4,5,5,9,4,2,3,11,10,1.0,6,"Primeira Liga", 14,"LWWWD");
INSERT INTO team_stats (idteam_stats, idleague, idteam, matchsPlayedHome, matchsPlayedAway, winsHome,winsAway, drawsHome, drawsAway, losesHome, losesAway, goalsForHome,goalsForAway, goalsAgainstHome, goalsAgainstAway,matchsPlayedTotal, winsTotal, drawsTotal, losesTotal, goalsForTotal, goalsAgainstTotal, goalsDiff, position, team_stats.group, points, forme) VALUES (47, 2826, 227,4,5,1,3,1,0,2,2,3,7,3,6,9,4,1,4,10,9,1.0,7,"Primeira Liga", 13,"WLLWL");
INSERT INTO team_stats (idteam_stats, idleague, idteam, matchsPlayedHome, matchsPlayedAway, winsHome,winsAway, drawsHome, drawsAway, losesHome, losesAway, goalsForHome,goalsForAway, goalsAgainstHome, goalsAgainstAway,matchsPlayedTotal, winsTotal, drawsTotal, losesTotal, goalsForTotal, goalsAgainstTotal, goalsDiff, position, team_stats.group, points, forme) VALUES (48, 2826, 221,5,4,1,1,3,2,1,1,4,1,4,2,9,2,5,2,5,6,-1.0,8,"Primeira Liga", 11,"WDDDL");
INSERT INTO team_stats (idteam_stats, idleague, idteam, matchsPlayedHome, matchsPlayedAway, winsHome,winsAway, drawsHome, drawsAway, losesHome, losesAway, goalsForHome,goalsForAway, goalsAgainstHome, goalsAgainstAway,matchsPlayedTotal, winsTotal, drawsTotal, losesTotal, goalsForTotal, goalsAgainstTotal, goalsDiff, position, team_stats.group, points, forme) VALUES (49, 2826, 226,4,5,1,1,2,3,1,1,2,3,3,4,9,2,5,2,5,7,-2.0,9,"Primeira Liga", 11,"DLDWW");
INSERT INTO team_stats (idteam_stats, idleague, idteam, matchsPlayedHome, matchsPlayedAway, winsHome,winsAway, drawsHome, drawsAway, losesHome, losesAway, goalsForHome,goalsForAway, goalsAgainstHome, goalsAgainstAway,matchsPlayedTotal, winsTotal, drawsTotal, losesTotal, goalsForTotal, goalsAgainstTotal, goalsDiff, position, team_stats.group, points, forme) VALUES (50, 2826, 225,5,4,1,1,3,1,1,2,7,2,8,3,9,2,4,3,9,11,-2.0,10,"Primeira Liga", 10,"LLWDD");
INSERT INTO team_stats (idteam_stats, idleague, idteam, matchsPlayedHome, matchsPlayedAway, winsHome,winsAway, drawsHome, drawsAway, losesHome, losesAway, goalsForHome,goalsForAway, goalsAgainstHome, goalsAgainstAway,matchsPlayedTotal, winsTotal, drawsTotal, losesTotal, goalsForTotal, goalsAgainstTotal, goalsDiff, position, team_stats.group, points, forme) VALUES (51, 2826, 242,5,4,1,1,3,1,1,2,8,5,11,7,9,2,4,3,13,18,-5.0,11,"Primeira Liga", 10,"DLWLD");
INSERT INTO team_stats (idteam_stats, idleague, idteam, matchsPlayedHome, matchsPlayedAway, winsHome,winsAway, drawsHome, drawsAway, losesHome, losesAway, goalsForHome,goalsForAway, goalsAgainstHome, goalsAgainstAway,matchsPlayedTotal, winsTotal, drawsTotal, losesTotal, goalsForTotal, goalsAgainstTotal, goalsDiff, position, team_stats.group, points, forme) VALUES (52, 2826, 762,4,5,2,0,1,2,1,3,5,3,3,7,9,2,3,4,8,10,-2.0,12,"Primeira Liga", 9,"DWLLL");
INSERT INTO team_stats (idteam_stats, idleague, idteam, matchsPlayedHome, matchsPlayedAway, winsHome,winsAway, drawsHome, drawsAway, losesHome, losesAway, goalsForHome,goalsForAway, goalsAgainstHome, goalsAgainstAway,matchsPlayedTotal, winsTotal, drawsTotal, losesTotal, goalsForTotal, goalsAgainstTotal, goalsDiff, position, team_stats.group, points, forme) VALUES (53, 2826, 215,5,4,2,0,2,1,1,3,6,1,4,6,9,2,3,4,7,10,-3.0,13,"Primeira Liga", 9,"DLLLW");
INSERT INTO team_stats (idteam_stats, idleague, idteam, matchsPlayedHome, matchsPlayedAway, winsHome,winsAway, drawsHome, drawsAway, losesHome, losesAway, goalsForHome,goalsForAway, goalsAgainstHome, goalsAgainstAway,matchsPlayedTotal, winsTotal, drawsTotal, losesTotal, goalsForTotal, goalsAgainstTotal, goalsDiff, position, team_stats.group, points, forme) VALUES (54, 2826, 231,5,4,2,0,1,1,2,3,8,3,7,7,9,2,2,5,11,14,-3.0,14,"Primeira Liga", 8,"WLWDL");
INSERT INTO team_stats (idteam_stats, idleague, idteam, matchsPlayedHome, matchsPlayedAway, winsHome,winsAway, drawsHome, drawsAway, losesHome, losesAway, goalsForHome,goalsForAway, goalsAgainstHome, goalsAgainstAway,matchsPlayedTotal, winsTotal, drawsTotal, losesTotal, goalsForTotal, goalsAgainstTotal, goalsDiff, position, team_stats.group, points, forme) VALUES (55, 2826, 218,5,4,2,0,1,1,2,3,4,5,7,11,9,2,2,5,9,18,-9.0,15,"Primeira Liga", 8,"LLWLW");
INSERT INTO team_stats (idteam_stats, idleague, idteam, matchsPlayedHome, matchsPlayedAway, winsHome,winsAway, drawsHome, drawsAway, losesHome, losesAway, goalsForHome,goalsForAway, goalsAgainstHome, goalsAgainstAway,matchsPlayedTotal, winsTotal, drawsTotal, losesTotal, goalsForTotal, goalsAgainstTotal, goalsDiff, position, team_stats.group, points, forme) VALUES (56, 2826, 222,4,5,1,0,1,4,2,1,3,7,6,9,9,1,5,3,10,15,-5.0,16,"Primeira Liga", 8,"DDLWD");
INSERT INTO team_stats (idteam_stats, idleague, idteam, matchsPlayedHome, matchsPlayedAway, winsHome,winsAway, drawsHome, drawsAway, losesHome, losesAway, goalsForHome,goalsForAway, goalsAgainstHome, goalsAgainstAway,matchsPlayedTotal, winsTotal, drawsTotal, losesTotal, goalsForTotal, goalsAgainstTotal, goalsDiff, position, team_stats.group, points, forme) VALUES (57, 2826, 216,4,5,1,1,1,0,2,4,3,3,5,7,9,2,1,6,6,12,-6.0,17,"Primeira Liga", 7,"LWLLL");
INSERT INTO team_stats (idteam_stats, idleague, idteam, matchsPlayedHome, matchsPlayedAway, winsHome,winsAway, drawsHome, drawsAway, losesHome, losesAway, goalsForHome,goalsForAway, goalsAgainstHome, goalsAgainstAway,matchsPlayedTotal, winsTotal, drawsTotal, losesTotal, goalsForTotal, goalsAgainstTotal, goalsDiff, position, team_stats.group, points, forme) VALUES (58, 2826, 214,4,5,1,1,1,0,2,4,4,6,5,10,9,2,1,6,10,15,-5.0,18,"Primeira Liga", 7,"LLLDL");
INSERT INTO fixture (idfixture, begintime, hometeam,awayteam, idleague, state, oddhome, oddaway, odddraw, scoreHome, scoreAway) VALUES (592255, "2020-12-12T16:26:00", 63, 48,2790, "Match Finished", 2.1,3.25,3.75, 1, 2);
INSERT INTO fixture (idfixture, begintime, hometeam,awayteam, idleague, state, oddhome, oddaway, odddraw, scoreHome, scoreAway) VALUES (592262, "2020-12-17T18:00:00", 66, 44,2790, "Not Started", 1.7,4.75,4.0, 0, 0);
INSERT INTO fixture (idfixture, begintime, hometeam,awayteam, idleague, state, oddhome, oddaway, odddraw, scoreHome, scoreAway) VALUES (592266, "2020-12-17T20:00:00", 62, 33,2790, "Not Started", 6.5,1.48,4.5, 0, 0);
INSERT INTO fixture (idfixture, begintime, hometeam,awayteam, idleague, state, oddhome, oddaway, odddraw, scoreHome, scoreAway) VALUES (605187, "2020-12-14T22:10:00", 538, 724,2833, "Match Finished", 1.75,4.6,3.6, 4, 0);
INSERT INTO fixture (idfixture, begintime, hometeam,awayteam, idleague, state, oddhome, oddaway, odddraw, scoreHome, scoreAway) VALUES (605193, "2020-12-12T16:26:00", 720, 727,2833, "Match Finished", 2.25,3.3,3.1, 3, 2);
INSERT INTO h2h (idh2h, idfixture, homeTeamId, awayTeamId, score, date) VALUES (1,605187,538, 724,"None", "2020-12-14T20:00:00");
INSERT INTO h2h (idh2h, idfixture, homeTeamId, awayTeamId, score, date) VALUES (2,605187,724, 538,"None", "2021-04-28T00:00:00");
INSERT INTO h2h (idh2h, idfixture, homeTeamId, awayTeamId, score, date) VALUES (3,592255,48, 63,"2-2", "2011-08-21T12:15:00");
INSERT INTO h2h (idh2h, idfixture, homeTeamId, awayTeamId, score, date) VALUES (4,592255,63, 48,"1-1", "2012-03-17T15:00:00");
INSERT INTO h2h (idh2h, idfixture, homeTeamId, awayTeamId, score, date) VALUES (5,592255,63, 48,"None", "2020-12-11T20:00:00");
INSERT INTO h2h (idh2h, idfixture, homeTeamId, awayTeamId, score, date) VALUES (6,592255,48, 63,"None", "2021-03-06T15:00:00");
INSERT INTO h2h (idh2h, idfixture, homeTeamId, awayTeamId, score, date) VALUES (7,605193,727, 720,"0-1", "2012-11-04T16:50:00");
INSERT INTO h2h (idh2h, idfixture, homeTeamId, awayTeamId, score, date) VALUES (8,605193,720, 727,"1-3", "2013-03-31T10:00:00");
INSERT INTO h2h (idh2h, idfixture, homeTeamId, awayTeamId, score, date) VALUES (9,605193,720, 727,"0-1", "2013-11-22T20:00:00");
INSERT INTO h2h (idh2h, idfixture, homeTeamId, awayTeamId, score, date) VALUES (10,605193,727, 720,"0-0", "2014-04-11T19:00:00");
INSERT INTO h2h (idh2h, idfixture, homeTeamId, awayTeamId, score, date) VALUES (11,605193,727, 720,"4-2", "2018-01-07T11:00:00");
INSERT INTO h2h (idh2h, idfixture, homeTeamId, awayTeamId, score, date) VALUES (12,605193,720, 727,"2-0", "2018-06-02T18:30:00");
INSERT INTO h2h (idh2h, idfixture, homeTeamId, awayTeamId, score, date) VALUES (13,605193,720, 727,"1-1", "2019-09-15T16:30:00");
INSERT INTO h2h (idh2h, idfixture, homeTeamId, awayTeamId, score, date) VALUES (14,605193,727, 720,"0-0", "2020-01-18T17:30:00");
INSERT INTO h2h (idh2h, idfixture, homeTeamId, awayTeamId, score, date) VALUES (15,605193,720, 727,"None", "2020-12-11T20:00:00");
INSERT INTO h2h (idh2h, idfixture, homeTeamId, awayTeamId, score, date) VALUES (16,605193,727, 720,"None", "2021-03-14T00:00:00");
INSERT INTO h2h (idh2h, idfixture, homeTeamId, awayTeamId, score, date) VALUES (17,592262,44, 66,"1-1", "2014-11-29T15:00:00");
INSERT INTO h2h (idh2h, idfixture, homeTeamId, awayTeamId, score, date) VALUES (18,592262,66, 44,"0-1", "2015-05-24T14:00:00");
INSERT INTO h2h (idh2h, idfixture, homeTeamId, awayTeamId, score, date) VALUES (19,592262,66, 44,"2-2", "2019-09-28T14:00:00");
INSERT INTO h2h (idh2h, idfixture, homeTeamId, awayTeamId, score, date) VALUES (20,592262,44, 66,"1-2", "2020-01-01T12:30:00");
INSERT INTO h2h (idh2h, idfixture, homeTeamId, awayTeamId, score, date) VALUES (21,592262,66, 44,"None", "2020-12-17T18:00:00");
INSERT INTO h2h (idh2h, idfixture, homeTeamId, awayTeamId, score, date) VALUES (22,592262,44, 66,"None", "2021-01-26T19:45:00");
INSERT INTO h2h (idh2h, idfixture, homeTeamId, awayTeamId, score, date) VALUES (23,592266,33, 62,"1-0", "2016-01-09T17:30:00");
INSERT INTO h2h (idh2h, idfixture, homeTeamId, awayTeamId, score, date) VALUES (24,592266,62, 33,"3-3", "2019-11-24T16:30:00");
INSERT INTO h2h (idh2h, idfixture, homeTeamId, awayTeamId, score, date) VALUES (25,592266,33, 62,"3-0", "2020-06-24T17:00:00");
INSERT INTO h2h (idh2h, idfixture, homeTeamId, awayTeamId, score, date) VALUES (26,592266,62, 33,"None", "2020-12-17T20:00:00");
INSERT INTO h2h (idh2h, idfixture, homeTeamId, awayTeamId, score, date) VALUES (27,592266,33, 62,"None", "2021-01-26T20:00:00");
