INSERT INTO country (idcountry, name, flag) VALUES ("EN", "England", "https://media.api-sports.io/flags/gb.svg");
INSERT INTO country (idcountry, name, flag) VALUES ("ES", "Spain", "https://media.api-sports.io/flags/es.svg");
INSERT INTO country (idcountry, name, flag) VALUES ("PT", "Portugal", "https://media.api-sports.io/flags/pt.svg");
INSERT INTO league (idleague, name, logo, idcountry) VALUES (2790, "Premier League", "https://media.api-sports.io/football/leagues/39.png", "EN");
INSERT INTO league (idleague, name, logo, idcountry) VALUES (2826, "Primeira Divisão", "https://media.api-sports.io/football/leagues/94.png", "PT");
INSERT INTO league (idleague, name, logo, idcountry) VALUES (2833, "Primera Division", "https://media.api-sports.io/football/leagues/140.png", "ES");
INSERT INTO team (idteam, name, logo) VALUES (33, "Manchester United", "https://media.api-sports.io/football/teams/33.png");
INSERT INTO team (idteam, name, logo) VALUES (34, "Newcastle", "https://media.api-sports.io/football/teams/34.png");
INSERT INTO team (idteam, name, logo) VALUES (36, "Fulham", "https://media.api-sports.io/football/teams/36.png");
INSERT INTO team (idteam, name, logo) VALUES (39, "Wolves", "https://media.api-sports.io/football/teams/39.png");
INSERT INTO team (idteam, name, logo) VALUES (40, "Liverpool", "https://media.api-sports.io/football/teams/40.png");
INSERT INTO team (idteam, name, logo) VALUES (41, "Southampton", "https://media.api-sports.io/football/teams/41.png");
INSERT INTO team (idteam, name, logo) VALUES (42, "Arsenal", "https://media.api-sports.io/football/teams/42.png");
INSERT INTO team (idteam, name, logo) VALUES (44, "Burnley", "https://media.api-sports.io/football/teams/44.png");
INSERT INTO team (idteam, name, logo) VALUES (45, "Everton", "https://media.api-sports.io/football/teams/45.png");
INSERT INTO team (idteam, name, logo) VALUES (46, "Leicester", "https://media.api-sports.io/football/teams/46.png");
INSERT INTO team (idteam, name, logo) VALUES (47, "Tottenham", "https://media.api-sports.io/football/teams/47.png");
INSERT INTO team (idteam, name, logo) VALUES (48, "West Ham", "https://media.api-sports.io/football/teams/48.png");
INSERT INTO team (idteam, name, logo) VALUES (49, "Chelsea", "https://media.api-sports.io/football/teams/49.png");
INSERT INTO team (idteam, name, logo) VALUES (50, "Manchester City", "https://media.api-sports.io/football/teams/50.png");
INSERT INTO team (idteam, name, logo) VALUES (51, "Brighton", "https://media.api-sports.io/football/teams/51.png");
INSERT INTO team (idteam, name, logo) VALUES (52, "Crystal Palace", "https://media.api-sports.io/football/teams/52.png");
INSERT INTO team (idteam, name, logo) VALUES (60, "West Brom", "https://media.api-sports.io/football/teams/60.png");
INSERT INTO team (idteam, name, logo) VALUES (62, "Sheffield Utd", "https://media.api-sports.io/football/teams/62.png");
INSERT INTO team (idteam, name, logo) VALUES (63, "Leeds", "https://media.api-sports.io/football/teams/63.png");
INSERT INTO team (idteam, name, logo) VALUES (66, "Aston Villa", "https://media.api-sports.io/football/teams/66.png");
INSERT INTO team (idteam, name, logo) VALUES (211, "Benfica", "https://media.api-sports.io/football/teams/211.png");
INSERT INTO team (idteam, name, logo) VALUES (212, "FC Porto", "https://media.api-sports.io/football/teams/212.png");
INSERT INTO team (idteam, name, logo) VALUES (214, "Maritimo", "https://media.api-sports.io/football/teams/214.png");
INSERT INTO team (idteam, name, logo) VALUES (215, "Moreirense", "https://media.api-sports.io/football/teams/215.png");
INSERT INTO team (idteam, name, logo) VALUES (216, "Portimonense", "https://media.api-sports.io/football/teams/216.png");
INSERT INTO team (idteam, name, logo) VALUES (217, "SC Braga", "https://media.api-sports.io/football/teams/217.png");
INSERT INTO team (idteam, name, logo) VALUES (218, "Tondela", "https://media.api-sports.io/football/teams/218.png");
INSERT INTO team (idteam, name, logo) VALUES (221, "Belenenses", "https://media.api-sports.io/football/teams/221.png");
INSERT INTO team (idteam, name, logo) VALUES (222, "Boavista", "https://media.api-sports.io/football/teams/222.png");
INSERT INTO team (idteam, name, logo) VALUES (224, "Guimaraes", "https://media.api-sports.io/football/teams/224.png");
INSERT INTO team (idteam, name, logo) VALUES (225, "Nacional", "https://media.api-sports.io/football/teams/225.png");
INSERT INTO team (idteam, name, logo) VALUES (226, "Rio Ave", "https://media.api-sports.io/football/teams/226.png");
INSERT INTO team (idteam, name, logo) VALUES (227, "Santa Clara", "https://media.api-sports.io/football/teams/227.png");
INSERT INTO team (idteam, name, logo) VALUES (228, "Sporting CP", "https://media.api-sports.io/football/teams/228.png");
INSERT INTO team (idteam, name, logo) VALUES (231, "Farense", "https://media.api-sports.io/football/teams/231.png");
INSERT INTO team (idteam, name, logo) VALUES (234, "Pacos Ferreira", "https://media.api-sports.io/football/teams/234.png");
INSERT INTO team (idteam, name, logo) VALUES (242, "Famalicao", "https://media.api-sports.io/football/teams/242.png");
INSERT INTO team (idteam, name, logo) VALUES (529, "Barcelona", "https://media.api-sports.io/football/teams/529.png");
INSERT INTO team (idteam, name, logo) VALUES (530, "Atletico Madrid", "https://media.api-sports.io/football/teams/530.png");
INSERT INTO team (idteam, name, logo) VALUES (531, "Athletic Club", "https://media.api-sports.io/football/teams/531.png");
INSERT INTO team (idteam, name, logo) VALUES (532, "Valencia", "https://media.api-sports.io/football/teams/532.png");
INSERT INTO team (idteam, name, logo) VALUES (533, "Villarreal", "https://media.api-sports.io/football/teams/533.png");
INSERT INTO team (idteam, name, logo) VALUES (536, "Sevilla", "https://media.api-sports.io/football/teams/536.png");
INSERT INTO team (idteam, name, logo) VALUES (538, "Celta Vigo", "https://media.api-sports.io/football/teams/538.png");
INSERT INTO team (idteam, name, logo) VALUES (539, "Levante", "https://media.api-sports.io/football/teams/539.png");
INSERT INTO team (idteam, name, logo) VALUES (541, "Real Madrid", "https://media.api-sports.io/football/teams/541.png");
INSERT INTO team (idteam, name, logo) VALUES (542, "Alaves", "https://media.api-sports.io/football/teams/542.png");
INSERT INTO team (idteam, name, logo) VALUES (543, "Real Betis", "https://media.api-sports.io/football/teams/543.png");
INSERT INTO team (idteam, name, logo) VALUES (545, "Eibar", "https://media.api-sports.io/football/teams/545.png");
INSERT INTO team (idteam, name, logo) VALUES (546, "Getafe", "https://media.api-sports.io/football/teams/546.png");
INSERT INTO team (idteam, name, logo) VALUES (548, "Real Sociedad", "https://media.api-sports.io/football/teams/548.png");
INSERT INTO team (idteam, name, logo) VALUES (715, "Granada CF", "https://media.api-sports.io/football/teams/715.png");
INSERT INTO team (idteam, name, logo) VALUES (720, "Valladolid", "https://media.api-sports.io/football/teams/720.png");
INSERT INTO team (idteam, name, logo) VALUES (724, "Cadiz", "https://media.api-sports.io/football/teams/724.png");
INSERT INTO team (idteam, name, logo) VALUES (726, "Huesca", "https://media.api-sports.io/football/teams/726.png");
INSERT INTO team (idteam, name, logo) VALUES (727, "Osasuna", "https://media.api-sports.io/football/teams/727.png");
INSERT INTO team (idteam, name, logo) VALUES (762, "GIL Vicente", "https://media.api-sports.io/football/teams/762.png");
INSERT INTO team (idteam, name, logo) VALUES (797, "Elche", "https://media.api-sports.io/football/teams/797.png");
INSERT INTO team_stats (idteam_stats, idleague, idteam, matchsPlayedHome, matchsPlayedAway, winsHome,winsAway, drawsHome, drawsAway, losesHome, losesAway, goalsForHome,goalsForAway, goalsAgainstHome, goalsAgainstAway,matchsPlayedTotal, winsTotal, drawsTotal, losesTotal, goalsForTotal, goalsAgainstTotal, goalsDiff, position, team_stats.group, points, forme) VALUES (1, 2790, 47,6,5,3,4,2,1,1,0,10,13,6,3,11,7,3,1,23,9,14.0,1,"Premier League", 24,"WDWWW");
INSERT INTO team_stats (idteam_stats, idleague, idteam, matchsPlayedHome, matchsPlayedAway, winsHome,winsAway, drawsHome, drawsAway, losesHome, losesAway, goalsForHome,goalsForAway, goalsAgainstHome, goalsAgainstAway,matchsPlayedTotal, winsTotal, drawsTotal, losesTotal, goalsForTotal, goalsAgainstTotal, goalsDiff, position, team_stats.group, points, forme) VALUES (2, 2790, 40,6,5,6,1,0,3,0,1,18,8,6,11,11,7,3,1,26,17,9.0,2,"Premier League", 24,"WDWDW");
INSERT INTO team_stats (idteam_stats, idleague, idteam, matchsPlayedHome, matchsPlayedAway, winsHome,winsAway, drawsHome, drawsAway, losesHome, losesAway, goalsForHome,goalsForAway, goalsAgainstHome, goalsAgainstAway,matchsPlayedTotal, winsTotal, drawsTotal, losesTotal, goalsForTotal, goalsAgainstTotal, goalsDiff, position, team_stats.group, points, forme) VALUES (3, 2790, 49,6,5,3,3,2,2,1,0,14,11,7,4,11,6,4,1,25,11,14.0,3,"Premier League", 22,"WDWWW");
INSERT INTO team_stats (idteam_stats, idleague, idteam, matchsPlayedHome, matchsPlayedAway, winsHome,winsAway, drawsHome, drawsAway, losesHome, losesAway, goalsForHome,goalsForAway, goalsAgainstHome, goalsAgainstAway,matchsPlayedTotal, winsTotal, drawsTotal, losesTotal, goalsForTotal, goalsAgainstTotal, goalsDiff, position, team_stats.group, points, forme) VALUES (4, 2790, 46,5,6,2,5,0,0,3,1,6,15,8,7,11,7,0,4,21,15,6.0,4,"Premier League", 21,"WLLWW");
INSERT INTO team_stats (idteam_stats, idleague, idteam, matchsPlayedHome, matchsPlayedAway, winsHome,winsAway, drawsHome, drawsAway, losesHome, losesAway, goalsForHome,goalsForAway, goalsAgainstHome, goalsAgainstAway,matchsPlayedTotal, winsTotal, drawsTotal, losesTotal, goalsForTotal, goalsAgainstTotal, goalsDiff, position, team_stats.group, points, forme) VALUES (5, 2790, 41,5,6,3,3,0,2,2,1,10,11,8,9,11,6,2,3,21,17,4.0,5,"Premier League", 20,"WLDWW");
INSERT INTO team_stats (idteam_stats, idleague, idteam, matchsPlayedHome, matchsPlayedAway, winsHome,winsAway, drawsHome, drawsAway, losesHome, losesAway, goalsForHome,goalsForAway, goalsAgainstHome, goalsAgainstAway,matchsPlayedTotal, winsTotal, drawsTotal, losesTotal, goalsForTotal, goalsAgainstTotal, goalsDiff, position, team_stats.group, points, forme) VALUES (6, 2790, 33,5,5,1,5,1,0,3,0,3,16,10,7,10,6,1,3,19,17,2.0,6,"Premier League", 19,"WWWWL");
INSERT INTO team_stats (idteam_stats, idleague, idteam, matchsPlayedHome, matchsPlayedAway, winsHome,winsAway, drawsHome, drawsAway, losesHome, losesAway, goalsForHome,goalsForAway, goalsAgainstHome, goalsAgainstAway,matchsPlayedTotal, winsTotal, drawsTotal, losesTotal, goalsForTotal, goalsAgainstTotal, goalsDiff, position, team_stats.group, points, forme) VALUES (7, 2790, 50,5,5,3,2,1,2,1,1,11,6,6,5,10,5,3,2,17,11,6.0,7,"Premier League", 18,"WWLDW");
INSERT INTO team_stats (idteam_stats, idleague, idteam, matchsPlayedHome, matchsPlayedAway, winsHome,winsAway, drawsHome, drawsAway, losesHome, losesAway, goalsForHome,goalsForAway, goalsAgainstHome, goalsAgainstAway,matchsPlayedTotal, winsTotal, drawsTotal, losesTotal, goalsForTotal, goalsAgainstTotal, goalsDiff, position, team_stats.group, points, forme) VALUES (8, 2790, 48,6,5,3,2,1,1,2,2,9,9,7,7,11,5,2,4,18,14,4.0,8,"Premier League", 17,"LWWWL");
INSERT INTO team_stats (idteam_stats, idleague, idteam, matchsPlayedHome, matchsPlayedAway, winsHome,winsAway, drawsHome, drawsAway, losesHome, losesAway, goalsForHome,goalsForAway, goalsAgainstHome, goalsAgainstAway,matchsPlayedTotal, winsTotal, drawsTotal, losesTotal, goalsForTotal, goalsAgainstTotal, goalsDiff, position, team_stats.group, points, forme) VALUES (9, 2790, 45,5,6,2,3,1,1,2,2,12,8,10,8,11,5,2,4,20,18,2.0,9,"Premier League", 17,"DLWLL");
INSERT INTO team_stats (idteam_stats, idleague, idteam, matchsPlayedHome, matchsPlayedAway, winsHome,winsAway, drawsHome, drawsAway, losesHome, losesAway, goalsForHome,goalsForAway, goalsAgainstHome, goalsAgainstAway,matchsPlayedTotal, winsTotal, drawsTotal, losesTotal, goalsForTotal, goalsAgainstTotal, goalsDiff, position, team_stats.group, points, forme) VALUES (10, 2790, 39,5,6,2,3,2,0,1,3,6,5,5,10,11,5,2,4,11,15,-4.0,10,"Premier League", 17,"LWDLW");
INSERT INTO team_stats (idteam_stats, idleague, idteam, matchsPlayedHome, matchsPlayedAway, winsHome,winsAway, drawsHome, drawsAway, losesHome, losesAway, goalsForHome,goalsForAway, goalsAgainstHome, goalsAgainstAway,matchsPlayedTotal, winsTotal, drawsTotal, losesTotal, goalsForTotal, goalsAgainstTotal, goalsDiff, position, team_stats.group, points, forme) VALUES (11, 2790, 52,5,6,2,3,1,0,2,3,7,10,6,10,11,5,1,5,17,16,1.0,11,"Premier League", 16,"WLLWL");
INSERT INTO team_stats (idteam_stats, idleague, idteam, matchsPlayedHome, matchsPlayedAway, winsHome,winsAway, drawsHome, drawsAway, losesHome, losesAway, goalsForHome,goalsForAway, goalsAgainstHome, goalsAgainstAway,matchsPlayedTotal, winsTotal, drawsTotal, losesTotal, goalsForTotal, goalsAgainstTotal, goalsDiff, position, team_stats.group, points, forme) VALUES (12, 2790, 66,5,4,2,3,0,0,3,1,12,8,11,2,9,5,0,4,20,13,7.0,12,"Premier League", 15,"LLWLL");
INSERT INTO team_stats (idteam_stats, idleague, idteam, matchsPlayedHome, matchsPlayedAway, winsHome,winsAway, drawsHome, drawsAway, losesHome, losesAway, goalsForHome,goalsForAway, goalsAgainstHome, goalsAgainstAway,matchsPlayedTotal, winsTotal, drawsTotal, losesTotal, goalsForTotal, goalsAgainstTotal, goalsDiff, position, team_stats.group, points, forme) VALUES (13, 2790, 34,5,5,2,2,0,2,3,1,6,6,11,4,10,4,2,4,12,15,-3.0,13,"Premier League", 14,"WLLWD");
INSERT INTO team_stats (idteam_stats, idleague, idteam, matchsPlayedHome, matchsPlayedAway, winsHome,winsAway, drawsHome, drawsAway, losesHome, losesAway, goalsForHome,goalsForAway, goalsAgainstHome, goalsAgainstAway,matchsPlayedTotal, winsTotal, drawsTotal, losesTotal, goalsForTotal, goalsAgainstTotal, goalsDiff, position, team_stats.group, points, forme) VALUES (14, 2790, 63,5,6,1,3,2,0,2,3,6,10,9,11,11,4,2,5,16,20,-4.0,14,"Premier League", 14,"LWDLL");
INSERT INTO team_stats (idteam_stats, idleague, idteam, matchsPlayedHome, matchsPlayedAway, winsHome,winsAway, drawsHome, drawsAway, losesHome, losesAway, goalsForHome,goalsForAway, goalsAgainstHome, goalsAgainstAway,matchsPlayedTotal, winsTotal, drawsTotal, losesTotal, goalsForTotal, goalsAgainstTotal, goalsDiff, position, team_stats.group, points, forme) VALUES (15, 2790, 42,5,6,2,2,0,1,3,3,5,5,8,6,11,4,1,6,10,14,-4.0,15,"Premier League", 13,"LLDLW");
INSERT INTO team_stats (idteam_stats, idleague, idteam, matchsPlayedHome, matchsPlayedAway, winsHome,winsAway, drawsHome, drawsAway, losesHome, losesAway, goalsForHome,goalsForAway, goalsAgainstHome, goalsAgainstAway,matchsPlayedTotal, winsTotal, drawsTotal, losesTotal, goalsForTotal, goalsAgainstTotal, goalsDiff, position, team_stats.group, points, forme) VALUES (16, 2790, 51,6,5,0,2,3,1,3,2,6,9,10,8,11,2,4,5,15,18,-3.0,16,"Premier League", 10,"LDWDL");
INSERT INTO team_stats (idteam_stats, idleague, idteam, matchsPlayedHome, matchsPlayedAway, winsHome,winsAway, drawsHome, drawsAway, losesHome, losesAway, goalsForHome,goalsForAway, goalsAgainstHome, goalsAgainstAway,matchsPlayedTotal, winsTotal, drawsTotal, losesTotal, goalsForTotal, goalsAgainstTotal, goalsDiff, position, team_stats.group, points, forme) VALUES (17, 2790, 36,5,6,1,1,0,1,4,4,5,6,11,10,11,2,1,8,11,21,-10.0,17,"Premier League", 7,"LWLLW");
INSERT INTO team_stats (idteam_stats, idleague, idteam, matchsPlayedHome, matchsPlayedAway, winsHome,winsAway, drawsHome, drawsAway, losesHome, losesAway, goalsForHome,goalsForAway, goalsAgainstHome, goalsAgainstAway,matchsPlayedTotal, winsTotal, drawsTotal, losesTotal, goalsForTotal, goalsAgainstTotal, goalsDiff, position, team_stats.group, points, forme) VALUES (18, 2790, 44,5,5,1,0,1,2,3,3,2,3,6,12,10,1,3,6,5,18,-13.0,18,"Premier League", 6,"DLWDL");
INSERT INTO team_stats (idteam_stats, idleague, idteam, matchsPlayedHome, matchsPlayedAway, winsHome,winsAway, drawsHome, drawsAway, losesHome, losesAway, goalsForHome,goalsForAway, goalsAgainstHome, goalsAgainstAway,matchsPlayedTotal, winsTotal, drawsTotal, losesTotal, goalsForTotal, goalsAgainstTotal, goalsDiff, position, team_stats.group, points, forme) VALUES (19, 2790, 60,6,5,1,0,2,1,3,4,5,3,12,11,11,1,3,7,8,23,-15.0,19,"Premier League", 6,"LWLLL");
INSERT INTO team_stats (idteam_stats, idleague, idteam, matchsPlayedHome, matchsPlayedAway, winsHome,winsAway, drawsHome, drawsAway, losesHome, losesAway, goalsForHome,goalsForAway, goalsAgainstHome, goalsAgainstAway,matchsPlayedTotal, winsTotal, drawsTotal, losesTotal, goalsForTotal, goalsAgainstTotal, goalsDiff, position, team_stats.group, points, forme) VALUES (20, 2790, 62,6,5,0,0,1,0,5,5,2,3,8,10,11,0,1,10,5,18,-13.0,20,"Premier League", 1,"LLLLL");
INSERT INTO team_stats (idteam_stats, idleague, idteam, matchsPlayedHome, matchsPlayedAway, winsHome,winsAway, drawsHome, drawsAway, losesHome, losesAway, goalsForHome,goalsForAway, goalsAgainstHome, goalsAgainstAway,matchsPlayedTotal, winsTotal, drawsTotal, losesTotal, goalsForTotal, goalsAgainstTotal, goalsDiff, position, team_stats.group, points, forme) VALUES (21, 2833, 530,6,4,5,3,1,1,0,0,15,6,1,1,10,8,2,0,21,2,19.0,1,"Primera División", 26,"WWWWW");
INSERT INTO team_stats (idteam_stats, idleague, idteam, matchsPlayedHome, matchsPlayedAway, winsHome,winsAway, drawsHome, drawsAway, losesHome, losesAway, goalsForHome,goalsForAway, goalsAgainstHome, goalsAgainstAway,matchsPlayedTotal, winsTotal, drawsTotal, losesTotal, goalsForTotal, goalsAgainstTotal, goalsDiff, position, team_stats.group, points, forme) VALUES (22, 2833, 548,6,6,3,4,2,2,1,0,10,12,3,2,12,7,4,1,22,5,17.0,2,"Primera División", 25,"DDWWW");
INSERT INTO team_stats (idteam_stats, idleague, idteam, matchsPlayedHome, matchsPlayedAway, winsHome,winsAway, drawsHome, drawsAway, losesHome, losesAway, goalsForHome,goalsForAway, goalsAgainstHome, goalsAgainstAway,matchsPlayedTotal, winsTotal, drawsTotal, losesTotal, goalsForTotal, goalsAgainstTotal, goalsDiff, position, team_stats.group, points, forme) VALUES (23, 2833, 533,7,5,4,1,3,3,0,1,11,4,5,6,12,5,6,1,15,11,4.0,3,"Primera División", 21,"DDDWW");
INSERT INTO team_stats (idteam_stats, idleague, idteam, matchsPlayedHome, matchsPlayedAway, winsHome,winsAway, drawsHome, drawsAway, losesHome, losesAway, goalsForHome,goalsForAway, goalsAgainstHome, goalsAgainstAway,matchsPlayedTotal, winsTotal, drawsTotal, losesTotal, goalsForTotal, goalsAgainstTotal, goalsDiff, position, team_stats.group, points, forme) VALUES (24, 2833, 541,4,7,2,4,0,2,2,1,6,11,4,8,11,6,2,3,17,12,5.0,4,"Primera División", 20,"WLDLW");
INSERT INTO team_stats (idteam_stats, idleague, idteam, matchsPlayedHome, matchsPlayedAway, winsHome,winsAway, drawsHome, drawsAway, losesHome, losesAway, goalsForHome,goalsForAway, goalsAgainstHome, goalsAgainstAway,matchsPlayedTotal, winsTotal, drawsTotal, losesTotal, goalsForTotal, goalsAgainstTotal, goalsDiff, position, team_stats.group, points, forme) VALUES (25, 2833, 724,6,6,1,4,2,1,3,1,4,7,8,5,12,5,3,4,11,13,-2.0,5,"Primera División", 18,"WDLLW");
INSERT INTO team_stats (idteam_stats, idleague, idteam, matchsPlayedHome, matchsPlayedAway, winsHome,winsAway, drawsHome, drawsAway, losesHome, losesAway, goalsForHome,goalsForAway, goalsAgainstHome, goalsAgainstAway,matchsPlayedTotal, winsTotal, drawsTotal, losesTotal, goalsForTotal, goalsAgainstTotal, goalsDiff, position, team_stats.group, points, forme) VALUES (26, 2833, 536,5,5,3,2,0,1,2,2,6,6,4,5,10,5,1,4,12,9,3.0,6,"Primera División", 16,"LWWWL");
INSERT INTO team_stats (idteam_stats, idleague, idteam, matchsPlayedHome, matchsPlayedAway, winsHome,winsAway, drawsHome, drawsAway, losesHome, losesAway, goalsForHome,goalsForAway, goalsAgainstHome, goalsAgainstAway,matchsPlayedTotal, winsTotal, drawsTotal, losesTotal, goalsForTotal, goalsAgainstTotal, goalsDiff, position, team_stats.group, points, forme) VALUES (27, 2833, 715,6,5,3,1,2,1,1,3,10,4,8,12,11,4,3,4,14,20,-6.0,7,"Primera División", 15,"DLLLD");
INSERT INTO team_stats (idteam_stats, idleague, idteam, matchsPlayedHome, matchsPlayedAway, winsHome,winsAway, drawsHome, drawsAway, losesHome, losesAway, goalsForHome,goalsForAway, goalsAgainstHome, goalsAgainstAway,matchsPlayedTotal, winsTotal, drawsTotal, losesTotal, goalsForTotal, goalsAgainstTotal, goalsDiff, position, team_stats.group, points, forme) VALUES (28, 2833, 543,5,7,2,3,0,0,3,4,7,7,9,14,12,5,0,7,14,23,-9.0,8,"Primera División", 15,"WLLLW");
INSERT INTO team_stats (idteam_stats, idleague, idteam, matchsPlayedHome, matchsPlayedAway, winsHome,winsAway, drawsHome, drawsAway, losesHome, losesAway, goalsForHome,goalsForAway, goalsAgainstHome, goalsAgainstAway,matchsPlayedTotal, winsTotal, drawsTotal, losesTotal, goalsForTotal, goalsAgainstTotal, goalsDiff, position, team_stats.group, points, forme) VALUES (29, 2833, 529,5,5,3,1,1,1,1,3,15,5,6,5,10,4,2,4,20,11,9.0,9,"Primera División", 14,"LWLWD");
INSERT INTO team_stats (idteam_stats, idleague, idteam, matchsPlayedHome, matchsPlayedAway, winsHome,winsAway, drawsHome, drawsAway, losesHome, losesAway, goalsForHome,goalsForAway, goalsAgainstHome, goalsAgainstAway,matchsPlayedTotal, winsTotal, drawsTotal, losesTotal, goalsForTotal, goalsAgainstTotal, goalsDiff, position, team_stats.group, points, forme) VALUES (30, 2833, 797,5,5,1,2,3,2,1,1,4,5,6,4,10,3,5,2,9,10,-1.0,10,"Primera División", 14,"DDDDL");
INSERT INTO team_stats (idteam_stats, idleague, idteam, matchsPlayedHome, matchsPlayedAway, winsHome,winsAway, drawsHome, drawsAway, losesHome, losesAway, goalsForHome,goalsForAway, goalsAgainstHome, goalsAgainstAway,matchsPlayedTotal, winsTotal, drawsTotal, losesTotal, goalsForTotal, goalsAgainstTotal, goalsDiff, position, team_stats.group, points, forme) VALUES (31, 2833, 545,7,5,0,3,4,1,3,1,1,7,5,4,12,3,5,4,8,9,-1.0,11,"Primera División", 14,"DWDDL");
INSERT INTO team_stats (idteam_stats, idleague, idteam, matchsPlayedHome, matchsPlayedAway, winsHome,winsAway, drawsHome, drawsAway, losesHome, losesAway, goalsForHome,goalsForAway, goalsAgainstHome, goalsAgainstAway,matchsPlayedTotal, winsTotal, drawsTotal, losesTotal, goalsForTotal, goalsAgainstTotal, goalsDiff, position, team_stats.group, points, forme) VALUES (32, 2833, 542,7,5,1,2,4,1,2,2,4,7,6,7,12,3,5,4,11,13,-2.0,12,"Primera División", 14,"DWDDD");
INSERT INTO team_stats (idteam_stats, idleague, idteam, matchsPlayedHome, matchsPlayedAway, winsHome,winsAway, drawsHome, drawsAway, losesHome, losesAway, goalsForHome,goalsForAway, goalsAgainstHome, goalsAgainstAway,matchsPlayedTotal, winsTotal, drawsTotal, losesTotal, goalsForTotal, goalsAgainstTotal, goalsDiff, position, team_stats.group, points, forme) VALUES (33, 2833, 532,6,6,2,1,2,2,2,3,11,6,9,8,12,3,4,5,17,17,0.0,13,"Primera División", 13,"DLDWD");
INSERT INTO team_stats (idteam_stats, idleague, idteam, matchsPlayedHome, matchsPlayedAway, winsHome,winsAway, drawsHome, drawsAway, losesHome, losesAway, goalsForHome,goalsForAway, goalsAgainstHome, goalsAgainstAway,matchsPlayedTotal, winsTotal, drawsTotal, losesTotal, goalsForTotal, goalsAgainstTotal, goalsDiff, position, team_stats.group, points, forme) VALUES (34, 2833, 531,5,6,3,1,0,1,2,4,8,4,4,8,11,4,1,6,12,12,0.0,14,"Primera División", 13,"LDWLW");
INSERT INTO team_stats (idteam_stats, idleague, idteam, matchsPlayedHome, matchsPlayedAway, winsHome,winsAway, drawsHome, drawsAway, losesHome, losesAway, goalsForHome,goalsForAway, goalsAgainstHome, goalsAgainstAway,matchsPlayedTotal, winsTotal, drawsTotal, losesTotal, goalsForTotal, goalsAgainstTotal, goalsDiff, position, team_stats.group, points, forme) VALUES (35, 2833, 546,6,5,3,0,1,3,2,2,7,2,5,8,11,3,4,4,9,13,-4.0,15,"Primera División", 13,"LDDLD");
INSERT INTO team_stats (idteam_stats, idleague, idteam, matchsPlayedHome, matchsPlayedAway, winsHome,winsAway, drawsHome, drawsAway, losesHome, losesAway, goalsForHome,goalsForAway, goalsAgainstHome, goalsAgainstAway,matchsPlayedTotal, winsTotal, drawsTotal, losesTotal, goalsForTotal, goalsAgainstTotal, goalsDiff, position, team_stats.group, points, forme) VALUES (36, 2833, 538,5,7,2,1,0,4,3,2,6,7,11,9,12,3,4,5,13,20,-7.0,16,"Primera División", 13,"WWLDL");
INSERT INTO team_stats (idteam_stats, idleague, idteam, matchsPlayedHome, matchsPlayedAway, winsHome,winsAway, drawsHome, drawsAway, losesHome, losesAway, goalsForHome,goalsForAway, goalsAgainstHome, goalsAgainstAway,matchsPlayedTotal, winsTotal, drawsTotal, losesTotal, goalsForTotal, goalsAgainstTotal, goalsDiff, position, team_stats.group, points, forme) VALUES (37, 2833, 539,5,6,1,1,3,2,1,3,6,7,5,10,11,2,5,4,13,15,-2.0,17,"Primera División", 11,"WDDDD");
INSERT INTO team_stats (idteam_stats, idleague, idteam, matchsPlayedHome, matchsPlayedAway, winsHome,winsAway, drawsHome, drawsAway, losesHome, losesAway, goalsForHome,goalsForAway, goalsAgainstHome, goalsAgainstAway,matchsPlayedTotal, winsTotal, drawsTotal, losesTotal, goalsForTotal, goalsAgainstTotal, goalsDiff, position, team_stats.group, points, forme) VALUES (38, 2833, 727,6,5,2,1,1,1,3,3,6,2,9,6,11,3,2,6,8,15,-7.0,18,"Primera División", 11,"LLDLL");
INSERT INTO team_stats (idteam_stats, idleague, idteam, matchsPlayedHome, matchsPlayedAway, winsHome,winsAway, drawsHome, drawsAway, losesHome, losesAway, goalsForHome,goalsForAway, goalsAgainstHome, goalsAgainstAway,matchsPlayedTotal, winsTotal, drawsTotal, losesTotal, goalsForTotal, goalsAgainstTotal, goalsDiff, position, team_stats.group, points, forme) VALUES (39, 2833, 720,6,6,1,1,3,1,2,4,6,5,8,10,12,2,4,6,11,18,-7.0,19,"Primera División", 10,"LDWWL");
INSERT INTO team_stats (idteam_stats, idleague, idteam, matchsPlayedHome, matchsPlayedAway, winsHome,winsAway, drawsHome, drawsAway, losesHome, losesAway, goalsForHome,goalsForAway, goalsAgainstHome, goalsAgainstAway,matchsPlayedTotal, winsTotal, drawsTotal, losesTotal, goalsForTotal, goalsAgainstTotal, goalsDiff, position, team_stats.group, points, forme) VALUES (40, 2833, 726,5,7,0,0,3,5,2,2,3,8,6,14,12,0,8,4,11,20,-9.0,20,"Primera División", 8,"DLDDL");
INSERT INTO team_stats (idteam_stats, idleague, idteam, matchsPlayedHome, matchsPlayedAway, winsHome,winsAway, drawsHome, drawsAway, losesHome, losesAway, goalsForHome,goalsForAway, goalsAgainstHome, goalsAgainstAway,matchsPlayedTotal, winsTotal, drawsTotal, losesTotal, goalsForTotal, goalsAgainstTotal, goalsDiff, position, team_stats.group, points, forme) VALUES (41, 2826, 228,4,5,3,4,1,1,0,0,11,12,4,3,9,7,2,0,23,7,16.0,1,"Primeira Liga", 23,"DWWWW");
INSERT INTO team_stats (idteam_stats, idleague, idteam, matchsPlayedHome, matchsPlayedAway, winsHome,winsAway, drawsHome, drawsAway, losesHome, losesAway, goalsForHome,goalsForAway, goalsAgainstHome, goalsAgainstAway,matchsPlayedTotal, winsTotal, drawsTotal, losesTotal, goalsForTotal, goalsAgainstTotal, goalsDiff, position, team_stats.group, points, forme) VALUES (42, 2826, 211,5,4,4,3,0,0,1,1,11,10,6,5,9,7,0,2,21,11,10.0,2,"Primeira Liga", 21,"WWLLW");
INSERT INTO team_stats (idteam_stats, idleague, idteam, matchsPlayedHome, matchsPlayedAway, winsHome,winsAway, drawsHome, drawsAway, losesHome, losesAway, goalsForHome,goalsForAway, goalsAgainstHome, goalsAgainstAway,matchsPlayedTotal, winsTotal, drawsTotal, losesTotal, goalsForTotal, goalsAgainstTotal, goalsDiff, position, team_stats.group, points, forme) VALUES (43, 2826, 212,5,4,4,2,0,1,1,1,13,10,8,5,9,6,1,2,23,13,10.0,3,"Primeira Liga", 19,"WWWLW");
INSERT INTO team_stats (idteam_stats, idleague, idteam, matchsPlayedHome, matchsPlayedAway, winsHome,winsAway, drawsHome, drawsAway, losesHome, losesAway, goalsForHome,goalsForAway, goalsAgainstHome, goalsAgainstAway,matchsPlayedTotal, winsTotal, drawsTotal, losesTotal, goalsForTotal, goalsAgainstTotal, goalsDiff, position, team_stats.group, points, forme) VALUES (44, 2826, 217,4,5,3,3,0,0,1,2,4,10,2,7,9,6,0,3,14,9,5.0,4,"Primeira Liga", 18,"LWWWW");
INSERT INTO team_stats (idteam_stats, idleague, idteam, matchsPlayedHome, matchsPlayedAway, winsHome,winsAway, drawsHome, drawsAway, losesHome, losesAway, goalsForHome,goalsForAway, goalsAgainstHome, goalsAgainstAway,matchsPlayedTotal, winsTotal, drawsTotal, losesTotal, goalsForTotal, goalsAgainstTotal, goalsDiff, position, team_stats.group, points, forme) VALUES (45, 2826, 224,5,4,2,3,0,1,3,0,2,5,6,1,9,5,1,3,7,7,0.0,5,"Primeira Liga", 16,"WWLWL");
INSERT INTO team_stats (idteam_stats, idleague, idteam, matchsPlayedHome, matchsPlayedAway, winsHome,winsAway, drawsHome, drawsAway, losesHome, losesAway, goalsForHome,goalsForAway, goalsAgainstHome, goalsAgainstAway,matchsPlayedTotal, winsTotal, drawsTotal, losesTotal, goalsForTotal, goalsAgainstTotal, goalsDiff, position, team_stats.group, points, forme) VALUES (46, 2826, 234,4,5,3,1,0,2,1,2,7,4,5,5,9,4,2,3,11,10,1.0,6,"Primeira Liga", 14,"LWWWD");
INSERT INTO team_stats (idteam_stats, idleague, idteam, matchsPlayedHome, matchsPlayedAway, winsHome,winsAway, drawsHome, drawsAway, losesHome, losesAway, goalsForHome,goalsForAway, goalsAgainstHome, goalsAgainstAway,matchsPlayedTotal, winsTotal, drawsTotal, losesTotal, goalsForTotal, goalsAgainstTotal, goalsDiff, position, team_stats.group, points, forme) VALUES (47, 2826, 227,4,5,1,3,1,0,2,2,3,7,3,6,9,4,1,4,10,9,1.0,7,"Primeira Liga", 13,"WLLWL");
INSERT INTO team_stats (idteam_stats, idleague, idteam, matchsPlayedHome, matchsPlayedAway, winsHome,winsAway, drawsHome, drawsAway, losesHome, losesAway, goalsForHome,goalsForAway, goalsAgainstHome, goalsAgainstAway,matchsPlayedTotal, winsTotal, drawsTotal, losesTotal, goalsForTotal, goalsAgainstTotal, goalsDiff, position, team_stats.group, points, forme) VALUES (48, 2826, 221,5,4,1,1,3,2,1,1,4,1,4,2,9,2,5,2,5,6,-1.0,8,"Primeira Liga", 11,"WDDDL");
INSERT INTO team_stats (idteam_stats, idleague, idteam, matchsPlayedHome, matchsPlayedAway, winsHome,winsAway, drawsHome, drawsAway, losesHome, losesAway, goalsForHome,goalsForAway, goalsAgainstHome, goalsAgainstAway,matchsPlayedTotal, winsTotal, drawsTotal, losesTotal, goalsForTotal, goalsAgainstTotal, goalsDiff, position, team_stats.group, points, forme) VALUES (49, 2826, 226,4,5,1,1,2,3,1,1,2,3,3,4,9,2,5,2,5,7,-2.0,9,"Primeira Liga", 11,"DLDWW");
INSERT INTO team_stats (idteam_stats, idleague, idteam, matchsPlayedHome, matchsPlayedAway, winsHome,winsAway, drawsHome, drawsAway, losesHome, losesAway, goalsForHome,goalsForAway, goalsAgainstHome, goalsAgainstAway,matchsPlayedTotal, winsTotal, drawsTotal, losesTotal, goalsForTotal, goalsAgainstTotal, goalsDiff, position, team_stats.group, points, forme) VALUES (50, 2826, 225,5,4,1,1,3,1,1,2,7,2,8,3,9,2,4,3,9,11,-2.0,10,"Primeira Liga", 10,"LLWDD");
INSERT INTO team_stats (idteam_stats, idleague, idteam, matchsPlayedHome, matchsPlayedAway, winsHome,winsAway, drawsHome, drawsAway, losesHome, losesAway, goalsForHome,goalsForAway, goalsAgainstHome, goalsAgainstAway,matchsPlayedTotal, winsTotal, drawsTotal, losesTotal, goalsForTotal, goalsAgainstTotal, goalsDiff, position, team_stats.group, points, forme) VALUES (51, 2826, 242,5,4,1,1,3,1,1,2,8,5,11,7,9,2,4,3,13,18,-5.0,11,"Primeira Liga", 10,"DLWLD");
INSERT INTO team_stats (idteam_stats, idleague, idteam, matchsPlayedHome, matchsPlayedAway, winsHome,winsAway, drawsHome, drawsAway, losesHome, losesAway, goalsForHome,goalsForAway, goalsAgainstHome, goalsAgainstAway,matchsPlayedTotal, winsTotal, drawsTotal, losesTotal, goalsForTotal, goalsAgainstTotal, goalsDiff, position, team_stats.group, points, forme) VALUES (52, 2826, 762,4,5,2,0,1,2,1,3,5,3,3,7,9,2,3,4,8,10,-2.0,12,"Primeira Liga", 9,"DWLLL");
INSERT INTO team_stats (idteam_stats, idleague, idteam, matchsPlayedHome, matchsPlayedAway, winsHome,winsAway, drawsHome, drawsAway, losesHome, losesAway, goalsForHome,goalsForAway, goalsAgainstHome, goalsAgainstAway,matchsPlayedTotal, winsTotal, drawsTotal, losesTotal, goalsForTotal, goalsAgainstTotal, goalsDiff, position, team_stats.group, points, forme) VALUES (53, 2826, 215,5,4,2,0,2,1,1,3,6,1,4,6,9,2,3,4,7,10,-3.0,13,"Primeira Liga", 9,"DLLLW");
INSERT INTO team_stats (idteam_stats, idleague, idteam, matchsPlayedHome, matchsPlayedAway, winsHome,winsAway, drawsHome, drawsAway, losesHome, losesAway, goalsForHome,goalsForAway, goalsAgainstHome, goalsAgainstAway,matchsPlayedTotal, winsTotal, drawsTotal, losesTotal, goalsForTotal, goalsAgainstTotal, goalsDiff, position, team_stats.group, points, forme) VALUES (54, 2826, 231,5,4,2,0,1,1,2,3,8,3,7,7,9,2,2,5,11,14,-3.0,14,"Primeira Liga", 8,"WLWDL");
INSERT INTO team_stats (idteam_stats, idleague, idteam, matchsPlayedHome, matchsPlayedAway, winsHome,winsAway, drawsHome, drawsAway, losesHome, losesAway, goalsForHome,goalsForAway, goalsAgainstHome, goalsAgainstAway,matchsPlayedTotal, winsTotal, drawsTotal, losesTotal, goalsForTotal, goalsAgainstTotal, goalsDiff, position, team_stats.group, points, forme) VALUES (55, 2826, 218,5,4,2,0,1,1,2,3,4,5,7,11,9,2,2,5,9,18,-9.0,15,"Primeira Liga", 8,"LLWLW");
INSERT INTO team_stats (idteam_stats, idleague, idteam, matchsPlayedHome, matchsPlayedAway, winsHome,winsAway, drawsHome, drawsAway, losesHome, losesAway, goalsForHome,goalsForAway, goalsAgainstHome, goalsAgainstAway,matchsPlayedTotal, winsTotal, drawsTotal, losesTotal, goalsForTotal, goalsAgainstTotal, goalsDiff, position, team_stats.group, points, forme) VALUES (56, 2826, 222,4,5,1,0,1,4,2,1,3,7,6,9,9,1,5,3,10,15,-5.0,16,"Primeira Liga", 8,"DDLWD");
INSERT INTO team_stats (idteam_stats, idleague, idteam, matchsPlayedHome, matchsPlayedAway, winsHome,winsAway, drawsHome, drawsAway, losesHome, losesAway, goalsForHome,goalsForAway, goalsAgainstHome, goalsAgainstAway,matchsPlayedTotal, winsTotal, drawsTotal, losesTotal, goalsForTotal, goalsAgainstTotal, goalsDiff, position, team_stats.group, points, forme) VALUES (57, 2826, 216,4,5,1,1,1,0,2,4,3,3,5,7,9,2,1,6,6,12,-6.0,17,"Primeira Liga", 7,"LWLLL");
INSERT INTO team_stats (idteam_stats, idleague, idteam, matchsPlayedHome, matchsPlayedAway, winsHome,winsAway, drawsHome, drawsAway, losesHome, losesAway, goalsForHome,goalsForAway, goalsAgainstHome, goalsAgainstAway,matchsPlayedTotal, winsTotal, drawsTotal, losesTotal, goalsForTotal, goalsAgainstTotal, goalsDiff, position, team_stats.group, points, forme) VALUES (58, 2826, 214,4,5,1,1,1,0,2,4,4,6,5,10,9,2,1,6,10,15,-5.0,18,"Primeira Liga", 7,"LLLDL");
INSERT INTO team_stats (idteam_stats, idleague, idteam, matchsPlayedHome, matchsPlayedAway, winsHome,winsAway, drawsHome, drawsAway, losesHome, losesAway, goalsForHome,goalsForAway, goalsAgainstHome, goalsAgainstAway,matchsPlayedTotal, winsTotal, drawsTotal, losesTotal, goalsForTotal, goalsAgainstTotal, goalsDiff, position, team_stats.group, points, forme) VALUES (59, 2790, 47,6,5,3,4,2,1,1,0,10,13,6,3,11,7,3,1,23,9,14.0,1,"Premier League", 24,"WDWWW");
INSERT INTO team_stats (idteam_stats, idleague, idteam, matchsPlayedHome, matchsPlayedAway, winsHome,winsAway, drawsHome, drawsAway, losesHome, losesAway, goalsForHome,goalsForAway, goalsAgainstHome, goalsAgainstAway,matchsPlayedTotal, winsTotal, drawsTotal, losesTotal, goalsForTotal, goalsAgainstTotal, goalsDiff, position, team_stats.group, points, forme) VALUES (60, 2790, 40,6,5,6,1,0,3,0,1,18,8,6,11,11,7,3,1,26,17,9.0,2,"Premier League", 24,"WDWDW");
INSERT INTO team_stats (idteam_stats, idleague, idteam, matchsPlayedHome, matchsPlayedAway, winsHome,winsAway, drawsHome, drawsAway, losesHome, losesAway, goalsForHome,goalsForAway, goalsAgainstHome, goalsAgainstAway,matchsPlayedTotal, winsTotal, drawsTotal, losesTotal, goalsForTotal, goalsAgainstTotal, goalsDiff, position, team_stats.group, points, forme) VALUES (61, 2790, 49,6,5,3,3,2,2,1,0,14,11,7,4,11,6,4,1,25,11,14.0,3,"Premier League", 22,"WDWWW");
INSERT INTO team_stats (idteam_stats, idleague, idteam, matchsPlayedHome, matchsPlayedAway, winsHome,winsAway, drawsHome, drawsAway, losesHome, losesAway, goalsForHome,goalsForAway, goalsAgainstHome, goalsAgainstAway,matchsPlayedTotal, winsTotal, drawsTotal, losesTotal, goalsForTotal, goalsAgainstTotal, goalsDiff, position, team_stats.group, points, forme) VALUES (62, 2790, 46,5,6,2,5,0,0,3,1,6,15,8,7,11,7,0,4,21,15,6.0,4,"Premier League", 21,"WLLWW");
INSERT INTO team_stats (idteam_stats, idleague, idteam, matchsPlayedHome, matchsPlayedAway, winsHome,winsAway, drawsHome, drawsAway, losesHome, losesAway, goalsForHome,goalsForAway, goalsAgainstHome, goalsAgainstAway,matchsPlayedTotal, winsTotal, drawsTotal, losesTotal, goalsForTotal, goalsAgainstTotal, goalsDiff, position, team_stats.group, points, forme) VALUES (63, 2790, 41,5,6,3,3,0,2,2,1,10,11,8,9,11,6,2,3,21,17,4.0,5,"Premier League", 20,"WLDWW");
INSERT INTO team_stats (idteam_stats, idleague, idteam, matchsPlayedHome, matchsPlayedAway, winsHome,winsAway, drawsHome, drawsAway, losesHome, losesAway, goalsForHome,goalsForAway, goalsAgainstHome, goalsAgainstAway,matchsPlayedTotal, winsTotal, drawsTotal, losesTotal, goalsForTotal, goalsAgainstTotal, goalsDiff, position, team_stats.group, points, forme) VALUES (64, 2790, 33,5,5,1,5,1,0,3,0,3,16,10,7,10,6,1,3,19,17,2.0,6,"Premier League", 19,"WWWWL");
INSERT INTO team_stats (idteam_stats, idleague, idteam, matchsPlayedHome, matchsPlayedAway, winsHome,winsAway, drawsHome, drawsAway, losesHome, losesAway, goalsForHome,goalsForAway, goalsAgainstHome, goalsAgainstAway,matchsPlayedTotal, winsTotal, drawsTotal, losesTotal, goalsForTotal, goalsAgainstTotal, goalsDiff, position, team_stats.group, points, forme) VALUES (65, 2790, 50,5,5,3,2,1,2,1,1,11,6,6,5,10,5,3,2,17,11,6.0,7,"Premier League", 18,"WWLDW");
INSERT INTO team_stats (idteam_stats, idleague, idteam, matchsPlayedHome, matchsPlayedAway, winsHome,winsAway, drawsHome, drawsAway, losesHome, losesAway, goalsForHome,goalsForAway, goalsAgainstHome, goalsAgainstAway,matchsPlayedTotal, winsTotal, drawsTotal, losesTotal, goalsForTotal, goalsAgainstTotal, goalsDiff, position, team_stats.group, points, forme) VALUES (66, 2790, 48,6,5,3,2,1,1,2,2,9,9,7,7,11,5,2,4,18,14,4.0,8,"Premier League", 17,"LWWWL");
INSERT INTO team_stats (idteam_stats, idleague, idteam, matchsPlayedHome, matchsPlayedAway, winsHome,winsAway, drawsHome, drawsAway, losesHome, losesAway, goalsForHome,goalsForAway, goalsAgainstHome, goalsAgainstAway,matchsPlayedTotal, winsTotal, drawsTotal, losesTotal, goalsForTotal, goalsAgainstTotal, goalsDiff, position, team_stats.group, points, forme) VALUES (67, 2790, 45,5,6,2,3,1,1,2,2,12,8,10,8,11,5,2,4,20,18,2.0,9,"Premier League", 17,"DLWLL");
INSERT INTO team_stats (idteam_stats, idleague, idteam, matchsPlayedHome, matchsPlayedAway, winsHome,winsAway, drawsHome, drawsAway, losesHome, losesAway, goalsForHome,goalsForAway, goalsAgainstHome, goalsAgainstAway,matchsPlayedTotal, winsTotal, drawsTotal, losesTotal, goalsForTotal, goalsAgainstTotal, goalsDiff, position, team_stats.group, points, forme) VALUES (68, 2790, 39,5,6,2,3,2,0,1,3,6,5,5,10,11,5,2,4,11,15,-4.0,10,"Premier League", 17,"LWDLW");
INSERT INTO team_stats (idteam_stats, idleague, idteam, matchsPlayedHome, matchsPlayedAway, winsHome,winsAway, drawsHome, drawsAway, losesHome, losesAway, goalsForHome,goalsForAway, goalsAgainstHome, goalsAgainstAway,matchsPlayedTotal, winsTotal, drawsTotal, losesTotal, goalsForTotal, goalsAgainstTotal, goalsDiff, position, team_stats.group, points, forme) VALUES (69, 2790, 52,5,6,2,3,1,0,2,3,7,10,6,10,11,5,1,5,17,16,1.0,11,"Premier League", 16,"WLLWL");
INSERT INTO team_stats (idteam_stats, idleague, idteam, matchsPlayedHome, matchsPlayedAway, winsHome,winsAway, drawsHome, drawsAway, losesHome, losesAway, goalsForHome,goalsForAway, goalsAgainstHome, goalsAgainstAway,matchsPlayedTotal, winsTotal, drawsTotal, losesTotal, goalsForTotal, goalsAgainstTotal, goalsDiff, position, team_stats.group, points, forme) VALUES (70, 2790, 66,5,4,2,3,0,0,3,1,12,8,11,2,9,5,0,4,20,13,7.0,12,"Premier League", 15,"LLWLL");
INSERT INTO team_stats (idteam_stats, idleague, idteam, matchsPlayedHome, matchsPlayedAway, winsHome,winsAway, drawsHome, drawsAway, losesHome, losesAway, goalsForHome,goalsForAway, goalsAgainstHome, goalsAgainstAway,matchsPlayedTotal, winsTotal, drawsTotal, losesTotal, goalsForTotal, goalsAgainstTotal, goalsDiff, position, team_stats.group, points, forme) VALUES (71, 2790, 34,5,5,2,2,0,2,3,1,6,6,11,4,10,4,2,4,12,15,-3.0,13,"Premier League", 14,"WLLWD");
INSERT INTO team_stats (idteam_stats, idleague, idteam, matchsPlayedHome, matchsPlayedAway, winsHome,winsAway, drawsHome, drawsAway, losesHome, losesAway, goalsForHome,goalsForAway, goalsAgainstHome, goalsAgainstAway,matchsPlayedTotal, winsTotal, drawsTotal, losesTotal, goalsForTotal, goalsAgainstTotal, goalsDiff, position, team_stats.group, points, forme) VALUES (72, 2790, 63,5,6,1,3,2,0,2,3,6,10,9,11,11,4,2,5,16,20,-4.0,14,"Premier League", 14,"LWDLL");
INSERT INTO team_stats (idteam_stats, idleague, idteam, matchsPlayedHome, matchsPlayedAway, winsHome,winsAway, drawsHome, drawsAway, losesHome, losesAway, goalsForHome,goalsForAway, goalsAgainstHome, goalsAgainstAway,matchsPlayedTotal, winsTotal, drawsTotal, losesTotal, goalsForTotal, goalsAgainstTotal, goalsDiff, position, team_stats.group, points, forme) VALUES (73, 2790, 42,5,6,2,2,0,1,3,3,5,5,8,6,11,4,1,6,10,14,-4.0,15,"Premier League", 13,"LLDLW");
INSERT INTO team_stats (idteam_stats, idleague, idteam, matchsPlayedHome, matchsPlayedAway, winsHome,winsAway, drawsHome, drawsAway, losesHome, losesAway, goalsForHome,goalsForAway, goalsAgainstHome, goalsAgainstAway,matchsPlayedTotal, winsTotal, drawsTotal, losesTotal, goalsForTotal, goalsAgainstTotal, goalsDiff, position, team_stats.group, points, forme) VALUES (74, 2790, 51,6,5,0,2,3,1,3,2,6,9,10,8,11,2,4,5,15,18,-3.0,16,"Premier League", 10,"LDWDL");
INSERT INTO team_stats (idteam_stats, idleague, idteam, matchsPlayedHome, matchsPlayedAway, winsHome,winsAway, drawsHome, drawsAway, losesHome, losesAway, goalsForHome,goalsForAway, goalsAgainstHome, goalsAgainstAway,matchsPlayedTotal, winsTotal, drawsTotal, losesTotal, goalsForTotal, goalsAgainstTotal, goalsDiff, position, team_stats.group, points, forme) VALUES (75, 2790, 36,5,6,1,1,0,1,4,4,5,6,11,10,11,2,1,8,11,21,-10.0,17,"Premier League", 7,"LWLLW");
INSERT INTO team_stats (idteam_stats, idleague, idteam, matchsPlayedHome, matchsPlayedAway, winsHome,winsAway, drawsHome, drawsAway, losesHome, losesAway, goalsForHome,goalsForAway, goalsAgainstHome, goalsAgainstAway,matchsPlayedTotal, winsTotal, drawsTotal, losesTotal, goalsForTotal, goalsAgainstTotal, goalsDiff, position, team_stats.group, points, forme) VALUES (76, 2790, 44,5,5,1,0,1,2,3,3,2,3,6,12,10,1,3,6,5,18,-13.0,18,"Premier League", 6,"DLWDL");
INSERT INTO team_stats (idteam_stats, idleague, idteam, matchsPlayedHome, matchsPlayedAway, winsHome,winsAway, drawsHome, drawsAway, losesHome, losesAway, goalsForHome,goalsForAway, goalsAgainstHome, goalsAgainstAway,matchsPlayedTotal, winsTotal, drawsTotal, losesTotal, goalsForTotal, goalsAgainstTotal, goalsDiff, position, team_stats.group, points, forme) VALUES (77, 2790, 60,6,5,1,0,2,1,3,4,5,3,12,11,11,1,3,7,8,23,-15.0,19,"Premier League", 6,"LWLLL");
INSERT INTO team_stats (idteam_stats, idleague, idteam, matchsPlayedHome, matchsPlayedAway, winsHome,winsAway, drawsHome, drawsAway, losesHome, losesAway, goalsForHome,goalsForAway, goalsAgainstHome, goalsAgainstAway,matchsPlayedTotal, winsTotal, drawsTotal, losesTotal, goalsForTotal, goalsAgainstTotal, goalsDiff, position, team_stats.group, points, forme) VALUES (78, 2790, 62,6,5,0,0,1,0,5,5,2,3,8,10,11,0,1,10,5,18,-13.0,20,"Premier League", 1,"LLLLL");
INSERT INTO team_stats (idteam_stats, idleague, idteam, matchsPlayedHome, matchsPlayedAway, winsHome,winsAway, drawsHome, drawsAway, losesHome, losesAway, goalsForHome,goalsForAway, goalsAgainstHome, goalsAgainstAway,matchsPlayedTotal, winsTotal, drawsTotal, losesTotal, goalsForTotal, goalsAgainstTotal, goalsDiff, position, team_stats.group, points, forme) VALUES (79, 2833, 530,6,4,5,3,1,1,0,0,15,6,1,1,10,8,2,0,21,2,19.0,1,"Primera División", 26,"WWWWW");
INSERT INTO team_stats (idteam_stats, idleague, idteam, matchsPlayedHome, matchsPlayedAway, winsHome,winsAway, drawsHome, drawsAway, losesHome, losesAway, goalsForHome,goalsForAway, goalsAgainstHome, goalsAgainstAway,matchsPlayedTotal, winsTotal, drawsTotal, losesTotal, goalsForTotal, goalsAgainstTotal, goalsDiff, position, team_stats.group, points, forme) VALUES (80, 2833, 548,6,6,3,4,2,2,1,0,10,12,3,2,12,7,4,1,22,5,17.0,2,"Primera División", 25,"DDWWW");
INSERT INTO team_stats (idteam_stats, idleague, idteam, matchsPlayedHome, matchsPlayedAway, winsHome,winsAway, drawsHome, drawsAway, losesHome, losesAway, goalsForHome,goalsForAway, goalsAgainstHome, goalsAgainstAway,matchsPlayedTotal, winsTotal, drawsTotal, losesTotal, goalsForTotal, goalsAgainstTotal, goalsDiff, position, team_stats.group, points, forme) VALUES (81, 2833, 533,7,5,4,1,3,3,0,1,11,4,5,6,12,5,6,1,15,11,4.0,3,"Primera División", 21,"DDDWW");
INSERT INTO team_stats (idteam_stats, idleague, idteam, matchsPlayedHome, matchsPlayedAway, winsHome,winsAway, drawsHome, drawsAway, losesHome, losesAway, goalsForHome,goalsForAway, goalsAgainstHome, goalsAgainstAway,matchsPlayedTotal, winsTotal, drawsTotal, losesTotal, goalsForTotal, goalsAgainstTotal, goalsDiff, position, team_stats.group, points, forme) VALUES (82, 2833, 541,4,7,2,4,0,2,2,1,6,11,4,8,11,6,2,3,17,12,5.0,4,"Primera División", 20,"WLDLW");
INSERT INTO team_stats (idteam_stats, idleague, idteam, matchsPlayedHome, matchsPlayedAway, winsHome,winsAway, drawsHome, drawsAway, losesHome, losesAway, goalsForHome,goalsForAway, goalsAgainstHome, goalsAgainstAway,matchsPlayedTotal, winsTotal, drawsTotal, losesTotal, goalsForTotal, goalsAgainstTotal, goalsDiff, position, team_stats.group, points, forme) VALUES (83, 2833, 724,6,6,1,4,2,1,3,1,4,7,8,5,12,5,3,4,11,13,-2.0,5,"Primera División", 18,"WDLLW");
INSERT INTO team_stats (idteam_stats, idleague, idteam, matchsPlayedHome, matchsPlayedAway, winsHome,winsAway, drawsHome, drawsAway, losesHome, losesAway, goalsForHome,goalsForAway, goalsAgainstHome, goalsAgainstAway,matchsPlayedTotal, winsTotal, drawsTotal, losesTotal, goalsForTotal, goalsAgainstTotal, goalsDiff, position, team_stats.group, points, forme) VALUES (84, 2833, 536,5,5,3,2,0,1,2,2,6,6,4,5,10,5,1,4,12,9,3.0,6,"Primera División", 16,"LWWWL");
INSERT INTO team_stats (idteam_stats, idleague, idteam, matchsPlayedHome, matchsPlayedAway, winsHome,winsAway, drawsHome, drawsAway, losesHome, losesAway, goalsForHome,goalsForAway, goalsAgainstHome, goalsAgainstAway,matchsPlayedTotal, winsTotal, drawsTotal, losesTotal, goalsForTotal, goalsAgainstTotal, goalsDiff, position, team_stats.group, points, forme) VALUES (85, 2833, 715,6,5,3,1,2,1,1,3,10,4,8,12,11,4,3,4,14,20,-6.0,7,"Primera División", 15,"DLLLD");
INSERT INTO team_stats (idteam_stats, idleague, idteam, matchsPlayedHome, matchsPlayedAway, winsHome,winsAway, drawsHome, drawsAway, losesHome, losesAway, goalsForHome,goalsForAway, goalsAgainstHome, goalsAgainstAway,matchsPlayedTotal, winsTotal, drawsTotal, losesTotal, goalsForTotal, goalsAgainstTotal, goalsDiff, position, team_stats.group, points, forme) VALUES (86, 2833, 543,5,7,2,3,0,0,3,4,7,7,9,14,12,5,0,7,14,23,-9.0,8,"Primera División", 15,"WLLLW");
INSERT INTO team_stats (idteam_stats, idleague, idteam, matchsPlayedHome, matchsPlayedAway, winsHome,winsAway, drawsHome, drawsAway, losesHome, losesAway, goalsForHome,goalsForAway, goalsAgainstHome, goalsAgainstAway,matchsPlayedTotal, winsTotal, drawsTotal, losesTotal, goalsForTotal, goalsAgainstTotal, goalsDiff, position, team_stats.group, points, forme) VALUES (87, 2833, 529,5,5,3,1,1,1,1,3,15,5,6,5,10,4,2,4,20,11,9.0,9,"Primera División", 14,"LWLWD");
INSERT INTO team_stats (idteam_stats, idleague, idteam, matchsPlayedHome, matchsPlayedAway, winsHome,winsAway, drawsHome, drawsAway, losesHome, losesAway, goalsForHome,goalsForAway, goalsAgainstHome, goalsAgainstAway,matchsPlayedTotal, winsTotal, drawsTotal, losesTotal, goalsForTotal, goalsAgainstTotal, goalsDiff, position, team_stats.group, points, forme) VALUES (88, 2833, 797,5,5,1,2,3,2,1,1,4,5,6,4,10,3,5,2,9,10,-1.0,10,"Primera División", 14,"DDDDL");
INSERT INTO team_stats (idteam_stats, idleague, idteam, matchsPlayedHome, matchsPlayedAway, winsHome,winsAway, drawsHome, drawsAway, losesHome, losesAway, goalsForHome,goalsForAway, goalsAgainstHome, goalsAgainstAway,matchsPlayedTotal, winsTotal, drawsTotal, losesTotal, goalsForTotal, goalsAgainstTotal, goalsDiff, position, team_stats.group, points, forme) VALUES (89, 2833, 545,7,5,0,3,4,1,3,1,1,7,5,4,12,3,5,4,8,9,-1.0,11,"Primera División", 14,"DWDDL");
INSERT INTO team_stats (idteam_stats, idleague, idteam, matchsPlayedHome, matchsPlayedAway, winsHome,winsAway, drawsHome, drawsAway, losesHome, losesAway, goalsForHome,goalsForAway, goalsAgainstHome, goalsAgainstAway,matchsPlayedTotal, winsTotal, drawsTotal, losesTotal, goalsForTotal, goalsAgainstTotal, goalsDiff, position, team_stats.group, points, forme) VALUES (90, 2833, 542,7,5,1,2,4,1,2,2,4,7,6,7,12,3,5,4,11,13,-2.0,12,"Primera División", 14,"DWDDD");
INSERT INTO team_stats (idteam_stats, idleague, idteam, matchsPlayedHome, matchsPlayedAway, winsHome,winsAway, drawsHome, drawsAway, losesHome, losesAway, goalsForHome,goalsForAway, goalsAgainstHome, goalsAgainstAway,matchsPlayedTotal, winsTotal, drawsTotal, losesTotal, goalsForTotal, goalsAgainstTotal, goalsDiff, position, team_stats.group, points, forme) VALUES (91, 2833, 532,6,6,2,1,2,2,2,3,11,6,9,8,12,3,4,5,17,17,0.0,13,"Primera División", 13,"DLDWD");
INSERT INTO team_stats (idteam_stats, idleague, idteam, matchsPlayedHome, matchsPlayedAway, winsHome,winsAway, drawsHome, drawsAway, losesHome, losesAway, goalsForHome,goalsForAway, goalsAgainstHome, goalsAgainstAway,matchsPlayedTotal, winsTotal, drawsTotal, losesTotal, goalsForTotal, goalsAgainstTotal, goalsDiff, position, team_stats.group, points, forme) VALUES (92, 2833, 531,5,6,3,1,0,1,2,4,8,4,4,8,11,4,1,6,12,12,0.0,14,"Primera División", 13,"LDWLW");
INSERT INTO team_stats (idteam_stats, idleague, idteam, matchsPlayedHome, matchsPlayedAway, winsHome,winsAway, drawsHome, drawsAway, losesHome, losesAway, goalsForHome,goalsForAway, goalsAgainstHome, goalsAgainstAway,matchsPlayedTotal, winsTotal, drawsTotal, losesTotal, goalsForTotal, goalsAgainstTotal, goalsDiff, position, team_stats.group, points, forme) VALUES (93, 2833, 546,6,5,3,0,1,3,2,2,7,2,5,8,11,3,4,4,9,13,-4.0,15,"Primera División", 13,"LDDLD");
INSERT INTO team_stats (idteam_stats, idleague, idteam, matchsPlayedHome, matchsPlayedAway, winsHome,winsAway, drawsHome, drawsAway, losesHome, losesAway, goalsForHome,goalsForAway, goalsAgainstHome, goalsAgainstAway,matchsPlayedTotal, winsTotal, drawsTotal, losesTotal, goalsForTotal, goalsAgainstTotal, goalsDiff, position, team_stats.group, points, forme) VALUES (94, 2833, 538,5,7,2,1,0,4,3,2,6,7,11,9,12,3,4,5,13,20,-7.0,16,"Primera División", 13,"WWLDL");
INSERT INTO team_stats (idteam_stats, idleague, idteam, matchsPlayedHome, matchsPlayedAway, winsHome,winsAway, drawsHome, drawsAway, losesHome, losesAway, goalsForHome,goalsForAway, goalsAgainstHome, goalsAgainstAway,matchsPlayedTotal, winsTotal, drawsTotal, losesTotal, goalsForTotal, goalsAgainstTotal, goalsDiff, position, team_stats.group, points, forme) VALUES (95, 2833, 539,5,6,1,1,3,2,1,3,6,7,5,10,11,2,5,4,13,15,-2.0,17,"Primera División", 11,"WDDDD");
INSERT INTO team_stats (idteam_stats, idleague, idteam, matchsPlayedHome, matchsPlayedAway, winsHome,winsAway, drawsHome, drawsAway, losesHome, losesAway, goalsForHome,goalsForAway, goalsAgainstHome, goalsAgainstAway,matchsPlayedTotal, winsTotal, drawsTotal, losesTotal, goalsForTotal, goalsAgainstTotal, goalsDiff, position, team_stats.group, points, forme) VALUES (96, 2833, 727,6,5,2,1,1,1,3,3,6,2,9,6,11,3,2,6,8,15,-7.0,18,"Primera División", 11,"LLDLL");
INSERT INTO team_stats (idteam_stats, idleague, idteam, matchsPlayedHome, matchsPlayedAway, winsHome,winsAway, drawsHome, drawsAway, losesHome, losesAway, goalsForHome,goalsForAway, goalsAgainstHome, goalsAgainstAway,matchsPlayedTotal, winsTotal, drawsTotal, losesTotal, goalsForTotal, goalsAgainstTotal, goalsDiff, position, team_stats.group, points, forme) VALUES (97, 2833, 720,6,6,1,1,3,1,2,4,6,5,8,10,12,2,4,6,11,18,-7.0,19,"Primera División", 10,"LDWWL");
INSERT INTO team_stats (idteam_stats, idleague, idteam, matchsPlayedHome, matchsPlayedAway, winsHome,winsAway, drawsHome, drawsAway, losesHome, losesAway, goalsForHome,goalsForAway, goalsAgainstHome, goalsAgainstAway,matchsPlayedTotal, winsTotal, drawsTotal, losesTotal, goalsForTotal, goalsAgainstTotal, goalsDiff, position, team_stats.group, points, forme) VALUES (98, 2833, 726,5,7,0,0,3,5,2,2,3,8,6,14,12,0,8,4,11,20,-9.0,20,"Primera División", 8,"DLDDL");
INSERT INTO team_stats (idteam_stats, idleague, idteam, matchsPlayedHome, matchsPlayedAway, winsHome,winsAway, drawsHome, drawsAway, losesHome, losesAway, goalsForHome,goalsForAway, goalsAgainstHome, goalsAgainstAway,matchsPlayedTotal, winsTotal, drawsTotal, losesTotal, goalsForTotal, goalsAgainstTotal, goalsDiff, position, team_stats.group, points, forme) VALUES (99, 2826, 228,4,5,3,4,1,1,0,0,11,12,4,3,9,7,2,0,23,7,16.0,1,"Primeira Liga", 23,"DWWWW");
INSERT INTO team_stats (idteam_stats, idleague, idteam, matchsPlayedHome, matchsPlayedAway, winsHome,winsAway, drawsHome, drawsAway, losesHome, losesAway, goalsForHome,goalsForAway, goalsAgainstHome, goalsAgainstAway,matchsPlayedTotal, winsTotal, drawsTotal, losesTotal, goalsForTotal, goalsAgainstTotal, goalsDiff, position, team_stats.group, points, forme) VALUES (100, 2826, 211,5,4,4,3,0,0,1,1,11,10,6,5,9,7,0,2,21,11,10.0,2,"Primeira Liga", 21,"WWLLW");
INSERT INTO team_stats (idteam_stats, idleague, idteam, matchsPlayedHome, matchsPlayedAway, winsHome,winsAway, drawsHome, drawsAway, losesHome, losesAway, goalsForHome,goalsForAway, goalsAgainstHome, goalsAgainstAway,matchsPlayedTotal, winsTotal, drawsTotal, losesTotal, goalsForTotal, goalsAgainstTotal, goalsDiff, position, team_stats.group, points, forme) VALUES (101, 2826, 212,5,4,4,2,0,1,1,1,13,10,8,5,9,6,1,2,23,13,10.0,3,"Primeira Liga", 19,"WWWLW");
INSERT INTO team_stats (idteam_stats, idleague, idteam, matchsPlayedHome, matchsPlayedAway, winsHome,winsAway, drawsHome, drawsAway, losesHome, losesAway, goalsForHome,goalsForAway, goalsAgainstHome, goalsAgainstAway,matchsPlayedTotal, winsTotal, drawsTotal, losesTotal, goalsForTotal, goalsAgainstTotal, goalsDiff, position, team_stats.group, points, forme) VALUES (102, 2826, 217,4,5,3,3,0,0,1,2,4,10,2,7,9,6,0,3,14,9,5.0,4,"Primeira Liga", 18,"LWWWW");
INSERT INTO team_stats (idteam_stats, idleague, idteam, matchsPlayedHome, matchsPlayedAway, winsHome,winsAway, drawsHome, drawsAway, losesHome, losesAway, goalsForHome,goalsForAway, goalsAgainstHome, goalsAgainstAway,matchsPlayedTotal, winsTotal, drawsTotal, losesTotal, goalsForTotal, goalsAgainstTotal, goalsDiff, position, team_stats.group, points, forme) VALUES (103, 2826, 224,5,4,2,3,0,1,3,0,2,5,6,1,9,5,1,3,7,7,0.0,5,"Primeira Liga", 16,"WWLWL");
INSERT INTO team_stats (idteam_stats, idleague, idteam, matchsPlayedHome, matchsPlayedAway, winsHome,winsAway, drawsHome, drawsAway, losesHome, losesAway, goalsForHome,goalsForAway, goalsAgainstHome, goalsAgainstAway,matchsPlayedTotal, winsTotal, drawsTotal, losesTotal, goalsForTotal, goalsAgainstTotal, goalsDiff, position, team_stats.group, points, forme) VALUES (104, 2826, 234,4,5,3,1,0,2,1,2,7,4,5,5,9,4,2,3,11,10,1.0,6,"Primeira Liga", 14,"LWWWD");
INSERT INTO team_stats (idteam_stats, idleague, idteam, matchsPlayedHome, matchsPlayedAway, winsHome,winsAway, drawsHome, drawsAway, losesHome, losesAway, goalsForHome,goalsForAway, goalsAgainstHome, goalsAgainstAway,matchsPlayedTotal, winsTotal, drawsTotal, losesTotal, goalsForTotal, goalsAgainstTotal, goalsDiff, position, team_stats.group, points, forme) VALUES (105, 2826, 227,4,5,1,3,1,0,2,2,3,7,3,6,9,4,1,4,10,9,1.0,7,"Primeira Liga", 13,"WLLWL");
INSERT INTO team_stats (idteam_stats, idleague, idteam, matchsPlayedHome, matchsPlayedAway, winsHome,winsAway, drawsHome, drawsAway, losesHome, losesAway, goalsForHome,goalsForAway, goalsAgainstHome, goalsAgainstAway,matchsPlayedTotal, winsTotal, drawsTotal, losesTotal, goalsForTotal, goalsAgainstTotal, goalsDiff, position, team_stats.group, points, forme) VALUES (106, 2826, 221,5,4,1,1,3,2,1,1,4,1,4,2,9,2,5,2,5,6,-1.0,8,"Primeira Liga", 11,"WDDDL");
INSERT INTO team_stats (idteam_stats, idleague, idteam, matchsPlayedHome, matchsPlayedAway, winsHome,winsAway, drawsHome, drawsAway, losesHome, losesAway, goalsForHome,goalsForAway, goalsAgainstHome, goalsAgainstAway,matchsPlayedTotal, winsTotal, drawsTotal, losesTotal, goalsForTotal, goalsAgainstTotal, goalsDiff, position, team_stats.group, points, forme) VALUES (107, 2826, 226,4,5,1,1,2,3,1,1,2,3,3,4,9,2,5,2,5,7,-2.0,9,"Primeira Liga", 11,"DLDWW");
INSERT INTO team_stats (idteam_stats, idleague, idteam, matchsPlayedHome, matchsPlayedAway, winsHome,winsAway, drawsHome, drawsAway, losesHome, losesAway, goalsForHome,goalsForAway, goalsAgainstHome, goalsAgainstAway,matchsPlayedTotal, winsTotal, drawsTotal, losesTotal, goalsForTotal, goalsAgainstTotal, goalsDiff, position, team_stats.group, points, forme) VALUES (108, 2826, 225,5,4,1,1,3,1,1,2,7,2,8,3,9,2,4,3,9,11,-2.0,10,"Primeira Liga", 10,"LLWDD");
INSERT INTO team_stats (idteam_stats, idleague, idteam, matchsPlayedHome, matchsPlayedAway, winsHome,winsAway, drawsHome, drawsAway, losesHome, losesAway, goalsForHome,goalsForAway, goalsAgainstHome, goalsAgainstAway,matchsPlayedTotal, winsTotal, drawsTotal, losesTotal, goalsForTotal, goalsAgainstTotal, goalsDiff, position, team_stats.group, points, forme) VALUES (109, 2826, 242,5,4,1,1,3,1,1,2,8,5,11,7,9,2,4,3,13,18,-5.0,11,"Primeira Liga", 10,"DLWLD");
INSERT INTO team_stats (idteam_stats, idleague, idteam, matchsPlayedHome, matchsPlayedAway, winsHome,winsAway, drawsHome, drawsAway, losesHome, losesAway, goalsForHome,goalsForAway, goalsAgainstHome, goalsAgainstAway,matchsPlayedTotal, winsTotal, drawsTotal, losesTotal, goalsForTotal, goalsAgainstTotal, goalsDiff, position, team_stats.group, points, forme) VALUES (110, 2826, 762,4,5,2,0,1,2,1,3,5,3,3,7,9,2,3,4,8,10,-2.0,12,"Primeira Liga", 9,"DWLLL");
INSERT INTO team_stats (idteam_stats, idleague, idteam, matchsPlayedHome, matchsPlayedAway, winsHome,winsAway, drawsHome, drawsAway, losesHome, losesAway, goalsForHome,goalsForAway, goalsAgainstHome, goalsAgainstAway,matchsPlayedTotal, winsTotal, drawsTotal, losesTotal, goalsForTotal, goalsAgainstTotal, goalsDiff, position, team_stats.group, points, forme) VALUES (111, 2826, 215,5,4,2,0,2,1,1,3,6,1,4,6,9,2,3,4,7,10,-3.0,13,"Primeira Liga", 9,"DLLLW");
INSERT INTO team_stats (idteam_stats, idleague, idteam, matchsPlayedHome, matchsPlayedAway, winsHome,winsAway, drawsHome, drawsAway, losesHome, losesAway, goalsForHome,goalsForAway, goalsAgainstHome, goalsAgainstAway,matchsPlayedTotal, winsTotal, drawsTotal, losesTotal, goalsForTotal, goalsAgainstTotal, goalsDiff, position, team_stats.group, points, forme) VALUES (112, 2826, 231,5,4,2,0,1,1,2,3,8,3,7,7,9,2,2,5,11,14,-3.0,14,"Primeira Liga", 8,"WLWDL");
INSERT INTO team_stats (idteam_stats, idleague, idteam, matchsPlayedHome, matchsPlayedAway, winsHome,winsAway, drawsHome, drawsAway, losesHome, losesAway, goalsForHome,goalsForAway, goalsAgainstHome, goalsAgainstAway,matchsPlayedTotal, winsTotal, drawsTotal, losesTotal, goalsForTotal, goalsAgainstTotal, goalsDiff, position, team_stats.group, points, forme) VALUES (113, 2826, 218,5,4,2,0,1,1,2,3,4,5,7,11,9,2,2,5,9,18,-9.0,15,"Primeira Liga", 8,"LLWLW");
INSERT INTO team_stats (idteam_stats, idleague, idteam, matchsPlayedHome, matchsPlayedAway, winsHome,winsAway, drawsHome, drawsAway, losesHome, losesAway, goalsForHome,goalsForAway, goalsAgainstHome, goalsAgainstAway,matchsPlayedTotal, winsTotal, drawsTotal, losesTotal, goalsForTotal, goalsAgainstTotal, goalsDiff, position, team_stats.group, points, forme) VALUES (114, 2826, 222,4,5,1,0,1,4,2,1,3,7,6,9,9,1,5,3,10,15,-5.0,16,"Primeira Liga", 8,"DDLWD");
INSERT INTO team_stats (idteam_stats, idleague, idteam, matchsPlayedHome, matchsPlayedAway, winsHome,winsAway, drawsHome, drawsAway, losesHome, losesAway, goalsForHome,goalsForAway, goalsAgainstHome, goalsAgainstAway,matchsPlayedTotal, winsTotal, drawsTotal, losesTotal, goalsForTotal, goalsAgainstTotal, goalsDiff, position, team_stats.group, points, forme) VALUES (115, 2826, 216,4,5,1,1,1,0,2,4,3,3,5,7,9,2,1,6,6,12,-6.0,17,"Primeira Liga", 7,"LWLLL");
INSERT INTO team_stats (idteam_stats, idleague, idteam, matchsPlayedHome, matchsPlayedAway, winsHome,winsAway, drawsHome, drawsAway, losesHome, losesAway, goalsForHome,goalsForAway, goalsAgainstHome, goalsAgainstAway,matchsPlayedTotal, winsTotal, drawsTotal, losesTotal, goalsForTotal, goalsAgainstTotal, goalsDiff, position, team_stats.group, points, forme) VALUES (116, 2826, 214,4,5,1,1,1,0,2,4,4,6,5,10,9,2,1,6,10,15,-5.0,18,"Primeira Liga", 7,"LLLDL");
INSERT INTO fixture (idfixture, begintime, hometeam,awayteam, idleague, state, oddhome, oddaway, odddraw, scoreHome, scoreAway) VALUES (592255, "2020-12-11T20:00:00", 63, 48,2790, "Not Started", 2.1,3.25,3.75, 0, 0);
INSERT INTO fixture (idfixture, begintime, hometeam,awayteam, idleague, state, oddhome, oddaway, odddraw, scoreHome, scoreAway) VALUES (605187, "2020-12-14T20:00:00", 538, 724,2833, "Not Started", 1.75,4.6,3.6, 0, 0);
INSERT INTO fixture (idfixture, begintime, hometeam,awayteam, idleague, state, oddhome, oddaway, odddraw, scoreHome, scoreAway) VALUES (605193, "2020-12-11T20:00:00", 720, 727,2833, "Not Started", 2.25,3.3,3.1, 0, 0);
INSERT INTO h2h (idh2h, idfixture, homeTeamId, awayTeamId, score, date) VALUES (1,605187,538, 724,"None", "2020-12-14T20:00:00");
INSERT INTO h2h (idh2h, idfixture, homeTeamId, awayTeamId, score, date) VALUES (2,605187,724, 538,"None", "2021-04-28T00:00:00");
INSERT INTO h2h (idh2h, idfixture, homeTeamId, awayTeamId, score, date) VALUES (3,592255,48, 63,"2-2", "2011-08-21T12:15:00");
INSERT INTO h2h (idh2h, idfixture, homeTeamId, awayTeamId, score, date) VALUES (4,592255,63, 48,"1-1", "2012-03-17T15:00:00");
INSERT INTO h2h (idh2h, idfixture, homeTeamId, awayTeamId, score, date) VALUES (5,592255,63, 48,"None", "2020-12-11T20:00:00");
INSERT INTO h2h (idh2h, idfixture, homeTeamId, awayTeamId, score, date) VALUES (6,592255,48, 63,"None", "2021-03-06T15:00:00");
INSERT INTO h2h (idh2h, idfixture, homeTeamId, awayTeamId, score, date) VALUES (7,605193,727, 720,"0-1", "2012-11-04T16:50:00");
INSERT INTO h2h (idh2h, idfixture, homeTeamId, awayTeamId, score, date) VALUES (8,605193,720, 727,"1-3", "2013-03-31T10:00:00");
INSERT INTO h2h (idh2h, idfixture, homeTeamId, awayTeamId, score, date) VALUES (9,605193,720, 727,"0-1", "2013-11-22T20:00:00");
INSERT INTO h2h (idh2h, idfixture, homeTeamId, awayTeamId, score, date) VALUES (10,605193,727, 720,"0-0", "2014-04-11T19:00:00");
INSERT INTO h2h (idh2h, idfixture, homeTeamId, awayTeamId, score, date) VALUES (11,605193,727, 720,"4-2", "2018-01-07T11:00:00");
INSERT INTO h2h (idh2h, idfixture, homeTeamId, awayTeamId, score, date) VALUES (12,605193,720, 727,"2-0", "2018-06-02T18:30:00");
INSERT INTO h2h (idh2h, idfixture, homeTeamId, awayTeamId, score, date) VALUES (13,605193,720, 727,"1-1", "2019-09-15T16:30:00");
INSERT INTO h2h (idh2h, idfixture, homeTeamId, awayTeamId, score, date) VALUES (14,605193,727, 720,"0-0", "2020-01-18T17:30:00");
INSERT INTO h2h (idh2h, idfixture, homeTeamId, awayTeamId, score, date) VALUES (15,605193,720, 727,"None", "2020-12-11T20:00:00");
INSERT INTO h2h (idh2h, idfixture, homeTeamId, awayTeamId, score, date) VALUES (16,605193,727, 720,"None", "2021-03-14T00:00:00");
