INSERT INTO country (idcountry, name, flag) VALUES ("EN", "England", "https://media.api-sports.io/flags/gb.svg");
INSERT INTO country (idcountry, name, flag) VALUES ("ES", "Spain", "https://media.api-sports.io/flags/es.svg");
INSERT INTO country (idcountry, name, flag) VALUES ("PT", "Portugal", "https://media.api-sports.io/flags/pt.svg");
INSERT INTO league (idleague, name, logo, idcountry) VALUES (2790, "Premier League", "https://media.api-sports.io/football/leagues/39.png", "EN");
INSERT INTO league (idleague, name, logo, idcountry) VALUES (2826, "Primeira Divisão", "https://media.api-sports.io/football/leagues/94.png", "PT");
INSERT INTO league (idleague, name, logo, idcountry) VALUES (2833, "Primera Division", "https://media.api-sports.io/football/leagues/140.png", "ES");
INSERT INTO team (idteam, name, logo) VALUES (33, "Manchester United", "https://media.api-sports.io/football/teams/33.png");
INSERT INTO team (idteam, name, logo) VALUES (34, "Newcastle", "https://media.api-sports.io/football/teams/34.png");
INSERT INTO team (idteam, name, logo) VALUES (36, "Fulham", "https://media.api-sports.io/football/teams/36.png");
INSERT INTO team (idteam, name, logo) VALUES (39, "Wolves", "https://media.api-sports.io/football/teams/39.png");
INSERT INTO team (idteam, name, logo) VALUES (40, "Liverpool", "https://media.api-sports.io/football/teams/40.png");
INSERT INTO team (idteam, name, logo) VALUES (41, "Southampton", "https://media.api-sports.io/football/teams/41.png");
INSERT INTO team (idteam, name, logo) VALUES (42, "Arsenal", "https://media.api-sports.io/football/teams/42.png");
INSERT INTO team (idteam, name, logo) VALUES (44, "Burnley", "https://media.api-sports.io/football/teams/44.png");
INSERT INTO team (idteam, name, logo) VALUES (45, "Everton", "https://media.api-sports.io/football/teams/45.png");
INSERT INTO team (idteam, name, logo) VALUES (46, "Leicester", "https://media.api-sports.io/football/teams/46.png");
INSERT INTO team (idteam, name, logo) VALUES (47, "Tottenham", "https://media.api-sports.io/football/teams/47.png");
INSERT INTO team (idteam, name, logo) VALUES (48, "West Ham", "https://media.api-sports.io/football/teams/48.png");
INSERT INTO team (idteam, name, logo) VALUES (49, "Chelsea", "https://media.api-sports.io/football/teams/49.png");
INSERT INTO team (idteam, name, logo) VALUES (50, "Manchester City", "https://media.api-sports.io/football/teams/50.png");
INSERT INTO team (idteam, name, logo) VALUES (51, "Brighton", "https://media.api-sports.io/football/teams/51.png");
INSERT INTO team (idteam, name, logo) VALUES (52, "Crystal Palace", "https://media.api-sports.io/football/teams/52.png");
INSERT INTO team (idteam, name, logo) VALUES (60, "West Brom", "https://media.api-sports.io/football/teams/60.png");
INSERT INTO team (idteam, name, logo) VALUES (62, "Sheffield Utd", "https://media.api-sports.io/football/teams/62.png");
INSERT INTO team (idteam, name, logo) VALUES (63, "Leeds", "https://media.api-sports.io/football/teams/63.png");
INSERT INTO team (idteam, name, logo) VALUES (66, "Aston Villa", "https://media.api-sports.io/football/teams/66.png");
INSERT INTO team (idteam, name, logo) VALUES (211, "Benfica", "https://media.api-sports.io/football/teams/211.png");
INSERT INTO team (idteam, name, logo) VALUES (212, "FC Porto", "https://media.api-sports.io/football/teams/212.png");
INSERT INTO team (idteam, name, logo) VALUES (214, "Maritimo", "https://media.api-sports.io/football/teams/214.png");
INSERT INTO team (idteam, name, logo) VALUES (215, "Moreirense", "https://media.api-sports.io/football/teams/215.png");
INSERT INTO team (idteam, name, logo) VALUES (216, "Portimonense", "https://media.api-sports.io/football/teams/216.png");
INSERT INTO team (idteam, name, logo) VALUES (217, "SC Braga", "https://media.api-sports.io/football/teams/217.png");
INSERT INTO team (idteam, name, logo) VALUES (218, "Tondela", "https://media.api-sports.io/football/teams/218.png");
INSERT INTO team (idteam, name, logo) VALUES (221, "Belenenses", "https://media.api-sports.io/football/teams/221.png");
INSERT INTO team (idteam, name, logo) VALUES (222, "Boavista", "https://media.api-sports.io/football/teams/222.png");
INSERT INTO team (idteam, name, logo) VALUES (224, "Guimaraes", "https://media.api-sports.io/football/teams/224.png");
INSERT INTO team (idteam, name, logo) VALUES (225, "Nacional", "https://media.api-sports.io/football/teams/225.png");
INSERT INTO team (idteam, name, logo) VALUES (226, "Rio Ave", "https://media.api-sports.io/football/teams/226.png");
INSERT INTO team (idteam, name, logo) VALUES (227, "Santa Clara", "https://media.api-sports.io/football/teams/227.png");
INSERT INTO team (idteam, name, logo) VALUES (228, "Sporting CP", "https://media.api-sports.io/football/teams/228.png");
INSERT INTO team (idteam, name, logo) VALUES (231, "Farense", "https://media.api-sports.io/football/teams/231.png");
INSERT INTO team (idteam, name, logo) VALUES (234, "Pacos Ferreira", "https://media.api-sports.io/football/teams/234.png");
INSERT INTO team (idteam, name, logo) VALUES (242, "Famalicao", "https://media.api-sports.io/football/teams/242.png");
INSERT INTO team (idteam, name, logo) VALUES (529, "Barcelona", "https://media.api-sports.io/football/teams/529.png");
INSERT INTO team (idteam, name, logo) VALUES (530, "Atletico Madrid", "https://media.api-sports.io/football/teams/530.png");
INSERT INTO team (idteam, name, logo) VALUES (531, "Athletic Club", "https://media.api-sports.io/football/teams/531.png");
INSERT INTO team (idteam, name, logo) VALUES (532, "Valencia", "https://media.api-sports.io/football/teams/532.png");
INSERT INTO team (idteam, name, logo) VALUES (533, "Villarreal", "https://media.api-sports.io/football/teams/533.png");
INSERT INTO team (idteam, name, logo) VALUES (536, "Sevilla", "https://media.api-sports.io/football/teams/536.png");
INSERT INTO team (idteam, name, logo) VALUES (538, "Celta Vigo", "https://media.api-sports.io/football/teams/538.png");
INSERT INTO team (idteam, name, logo) VALUES (539, "Levante", "https://media.api-sports.io/football/teams/539.png");
INSERT INTO team (idteam, name, logo) VALUES (541, "Real Madrid", "https://media.api-sports.io/football/teams/541.png");
INSERT INTO team (idteam, name, logo) VALUES (542, "Alaves", "https://media.api-sports.io/football/teams/542.png");
INSERT INTO team (idteam, name, logo) VALUES (543, "Real Betis", "https://media.api-sports.io/football/teams/543.png");
INSERT INTO team (idteam, name, logo) VALUES (545, "Eibar", "https://media.api-sports.io/football/teams/545.png");
INSERT INTO team (idteam, name, logo) VALUES (546, "Getafe", "https://media.api-sports.io/football/teams/546.png");
INSERT INTO team (idteam, name, logo) VALUES (548, "Real Sociedad", "https://media.api-sports.io/football/teams/548.png");
INSERT INTO team (idteam, name, logo) VALUES (715, "Granada CF", "https://media.api-sports.io/football/teams/715.png");
INSERT INTO team (idteam, name, logo) VALUES (720, "Valladolid", "https://media.api-sports.io/football/teams/720.png");
INSERT INTO team (idteam, name, logo) VALUES (724, "Cadiz", "https://media.api-sports.io/football/teams/724.png");
INSERT INTO team (idteam, name, logo) VALUES (726, "Huesca", "https://media.api-sports.io/football/teams/726.png");
INSERT INTO team (idteam, name, logo) VALUES (727, "Osasuna", "https://media.api-sports.io/football/teams/727.png");
INSERT INTO team (idteam, name, logo) VALUES (762, "GIL Vicente", "https://media.api-sports.io/football/teams/762.png");
INSERT INTO team (idteam, name, logo) VALUES (797, "Elche", "https://media.api-sports.io/football/teams/797.png");
INSERT INTO team_stats (idteam_stats, idleague, idteam, matchsPlayedHome, matchsPlayedAway, winsHome,winsAway, drawsHome, drawsAway, losesHome, losesAway, goalsForHome,goalsForAway, goalsAgainstHome, goalsAgainstAway,matchsPlayedTotal, winsTotal, drawsTotal, losesTotal, goalsForTotal, goalsAgainstTotal, goalsDiff, position, team_stats.group, points, forme) VALUES (1, 2790, 47,5,5,2,4,2,1,1,0,8,13,6,3,10,6,3,1,21,9,12.0,1,"Premier League", 21,"DWWWW");
INSERT INTO team_stats (idteam_stats, idleague, idteam, matchsPlayedHome, matchsPlayedAway, winsHome,winsAway, drawsHome, drawsAway, losesHome, losesAway, goalsForHome,goalsForAway, goalsAgainstHome, goalsAgainstAway,matchsPlayedTotal, winsTotal, drawsTotal, losesTotal, goalsForTotal, goalsAgainstTotal, goalsDiff, position, team_stats.group, points, forme) VALUES (2, 2790, 40,5,5,5,1,0,3,0,1,14,8,6,11,10,6,3,1,22,17,5.0,2,"Premier League", 21,"DWDWW");
INSERT INTO team_stats (idteam_stats, idleague, idteam, matchsPlayedHome, matchsPlayedAway, winsHome,winsAway, drawsHome, drawsAway, losesHome, losesAway, goalsForHome,goalsForAway, goalsAgainstHome, goalsAgainstAway,matchsPlayedTotal, winsTotal, drawsTotal, losesTotal, goalsForTotal, goalsAgainstTotal, goalsDiff, position, team_stats.group, points, forme) VALUES (3, 2790, 49,5,5,2,3,2,2,1,0,11,11,6,4,10,5,4,1,22,10,12.0,3,"Premier League", 19,"DWWWD");
INSERT INTO team_stats (idteam_stats, idleague, idteam, matchsPlayedHome, matchsPlayedAway, winsHome,winsAway, drawsHome, drawsAway, losesHome, losesAway, goalsForHome,goalsForAway, goalsAgainstHome, goalsAgainstAway,matchsPlayedTotal, winsTotal, drawsTotal, losesTotal, goalsForTotal, goalsAgainstTotal, goalsDiff, position, team_stats.group, points, forme) VALUES (4, 2790, 46,5,5,2,4,0,0,3,1,6,13,8,6,10,6,0,4,19,14,5.0,4,"Premier League", 18,"LLWWW");
INSERT INTO team_stats (idteam_stats, idleague, idteam, matchsPlayedHome, matchsPlayedAway, winsHome,winsAway, drawsHome, drawsAway, losesHome, losesAway, goalsForHome,goalsForAway, goalsAgainstHome, goalsAgainstAway,matchsPlayedTotal, winsTotal, drawsTotal, losesTotal, goalsForTotal, goalsAgainstTotal, goalsDiff, position, team_stats.group, points, forme) VALUES (5, 2790, 48,5,5,3,2,1,1,1,2,8,9,4,7,10,5,2,3,17,11,6.0,5,"Premier League", 17,"WWWLD");
INSERT INTO team_stats (idteam_stats, idleague, idteam, matchsPlayedHome, matchsPlayedAway, winsHome,winsAway, drawsHome, drawsAway, losesHome, losesAway, goalsForHome,goalsForAway, goalsAgainstHome, goalsAgainstAway,matchsPlayedTotal, winsTotal, drawsTotal, losesTotal, goalsForTotal, goalsAgainstTotal, goalsDiff, position, team_stats.group, points, forme) VALUES (6, 2790, 41,5,5,3,2,0,2,2,1,10,9,8,8,10,5,2,3,19,16,3.0,6,"Premier League", 17,"LDWWW");
INSERT INTO team_stats (idteam_stats, idleague, idteam, matchsPlayedHome, matchsPlayedAway, winsHome,winsAway, drawsHome, drawsAway, losesHome, losesAway, goalsForHome,goalsForAway, goalsAgainstHome, goalsAgainstAway,matchsPlayedTotal, winsTotal, drawsTotal, losesTotal, goalsForTotal, goalsAgainstTotal, goalsDiff, position, team_stats.group, points, forme) VALUES (7, 2790, 39,5,5,2,3,2,0,1,2,6,5,5,6,10,5,2,3,11,11,0.0,7,"Premier League", 17,"WDLWD");
INSERT INTO team_stats (idteam_stats, idleague, idteam, matchsPlayedHome, matchsPlayedAway, winsHome,winsAway, drawsHome, drawsAway, losesHome, losesAway, goalsForHome,goalsForAway, goalsAgainstHome, goalsAgainstAway,matchsPlayedTotal, winsTotal, drawsTotal, losesTotal, goalsForTotal, goalsAgainstTotal, goalsDiff, position, team_stats.group, points, forme) VALUES (8, 2790, 45,5,5,2,3,1,0,2,2,12,7,10,7,10,5,1,4,19,17,2.0,8,"Premier League", 16,"LWLLL");
INSERT INTO team_stats (idteam_stats, idleague, idteam, matchsPlayedHome, matchsPlayedAway, winsHome,winsAway, drawsHome, drawsAway, losesHome, losesAway, goalsForHome,goalsForAway, goalsAgainstHome, goalsAgainstAway,matchsPlayedTotal, winsTotal, drawsTotal, losesTotal, goalsForTotal, goalsAgainstTotal, goalsDiff, position, team_stats.group, points, forme) VALUES (9, 2790, 33,5,4,1,4,1,0,3,0,3,13,10,6,9,5,1,3,16,16,0.0,9,"Premier League", 16,"WWWLD");
INSERT INTO team_stats (idteam_stats, idleague, idteam, matchsPlayedHome, matchsPlayedAway, winsHome,winsAway, drawsHome, drawsAway, losesHome, losesAway, goalsForHome,goalsForAway, goalsAgainstHome, goalsAgainstAway,matchsPlayedTotal, winsTotal, drawsTotal, losesTotal, goalsForTotal, goalsAgainstTotal, goalsDiff, position, team_stats.group, points, forme) VALUES (10, 2790, 66,5,4,2,3,0,0,3,1,12,8,11,2,9,5,0,4,20,13,7.0,10,"Premier League", 15,"LLWLL");
INSERT INTO team_stats (idteam_stats, idleague, idteam, matchsPlayedHome, matchsPlayedAway, winsHome,winsAway, drawsHome, drawsAway, losesHome, losesAway, goalsForHome,goalsForAway, goalsAgainstHome, goalsAgainstAway,matchsPlayedTotal, winsTotal, drawsTotal, losesTotal, goalsForTotal, goalsAgainstTotal, goalsDiff, position, team_stats.group, points, forme) VALUES (11, 2790, 50,4,5,2,2,1,2,1,1,9,6,6,5,9,4,3,2,15,11,4.0,11,"Premier League", 15,"WLDWD");
INSERT INTO team_stats (idteam_stats, idleague, idteam, matchsPlayedHome, matchsPlayedAway, winsHome,winsAway, drawsHome, drawsAway, losesHome, losesAway, goalsForHome,goalsForAway, goalsAgainstHome, goalsAgainstAway,matchsPlayedTotal, winsTotal, drawsTotal, losesTotal, goalsForTotal, goalsAgainstTotal, goalsDiff, position, team_stats.group, points, forme) VALUES (12, 2790, 63,5,5,1,3,2,0,2,2,6,9,9,8,10,4,2,4,15,17,-2.0,12,"Premier League", 14,"WDLLW");
INSERT INTO team_stats (idteam_stats, idleague, idteam, matchsPlayedHome, matchsPlayedAway, winsHome,winsAway, drawsHome, drawsAway, losesHome, losesAway, goalsForHome,goalsForAway, goalsAgainstHome, goalsAgainstAway,matchsPlayedTotal, winsTotal, drawsTotal, losesTotal, goalsForTotal, goalsAgainstTotal, goalsDiff, position, team_stats.group, points, forme) VALUES (13, 2790, 34,5,5,2,2,0,2,3,1,6,6,11,4,10,4,2,4,12,15,-3.0,13,"Premier League", 14,"WLLWD");
INSERT INTO team_stats (idteam_stats, idleague, idteam, matchsPlayedHome, matchsPlayedAway, winsHome,winsAway, drawsHome, drawsAway, losesHome, losesAway, goalsForHome,goalsForAway, goalsAgainstHome, goalsAgainstAway,matchsPlayedTotal, winsTotal, drawsTotal, losesTotal, goalsForTotal, goalsAgainstTotal, goalsDiff, position, team_stats.group, points, forme) VALUES (14, 2790, 42,5,5,2,2,0,1,3,2,5,5,8,4,10,4,1,5,10,12,-2.0,14,"Premier League", 13,"LDLWL");
INSERT INTO team_stats (idteam_stats, idleague, idteam, matchsPlayedHome, matchsPlayedAway, winsHome,winsAway, drawsHome, drawsAway, losesHome, losesAway, goalsForHome,goalsForAway, goalsAgainstHome, goalsAgainstAway,matchsPlayedTotal, winsTotal, drawsTotal, losesTotal, goalsForTotal, goalsAgainstTotal, goalsDiff, position, team_stats.group, points, forme) VALUES (15, 2790, 52,5,5,2,2,1,0,2,3,7,5,6,9,10,4,1,5,12,15,-3.0,15,"Premier League", 13,"LLWLW");
INSERT INTO team_stats (idteam_stats, idleague, idteam, matchsPlayedHome, matchsPlayedAway, winsHome,winsAway, drawsHome, drawsAway, losesHome, losesAway, goalsForHome,goalsForAway, goalsAgainstHome, goalsAgainstAway,matchsPlayedTotal, winsTotal, drawsTotal, losesTotal, goalsForTotal, goalsAgainstTotal, goalsDiff, position, team_stats.group, points, forme) VALUES (16, 2790, 51,5,5,0,2,3,1,2,2,5,9,8,8,10,2,4,4,14,16,-2.0,16,"Premier League", 10,"DWDLD");
INSERT INTO team_stats (idteam_stats, idleague, idteam, matchsPlayedHome, matchsPlayedAway, winsHome,winsAway, drawsHome, drawsAway, losesHome, losesAway, goalsForHome,goalsForAway, goalsAgainstHome, goalsAgainstAway,matchsPlayedTotal, winsTotal, drawsTotal, losesTotal, goalsForTotal, goalsAgainstTotal, goalsDiff, position, team_stats.group, points, forme) VALUES (17, 2790, 36,5,5,1,1,0,1,4,3,5,6,11,8,10,2,1,7,11,19,-8.0,17,"Premier League", 7,"WLLWL");
INSERT INTO team_stats (idteam_stats, idleague, idteam, matchsPlayedHome, matchsPlayedAway, winsHome,winsAway, drawsHome, drawsAway, losesHome, losesAway, goalsForHome,goalsForAway, goalsAgainstHome, goalsAgainstAway,matchsPlayedTotal, winsTotal, drawsTotal, losesTotal, goalsForTotal, goalsAgainstTotal, goalsDiff, position, team_stats.group, points, forme) VALUES (18, 2790, 60,5,5,1,0,2,1,2,4,4,3,7,11,10,1,3,6,7,18,-11.0,18,"Premier League", 6,"WLLLD");
INSERT INTO team_stats (idteam_stats, idleague, idteam, matchsPlayedHome, matchsPlayedAway, winsHome,winsAway, drawsHome, drawsAway, losesHome, losesAway, goalsForHome,goalsForAway, goalsAgainstHome, goalsAgainstAway,matchsPlayedTotal, winsTotal, drawsTotal, losesTotal, goalsForTotal, goalsAgainstTotal, goalsDiff, position, team_stats.group, points, forme) VALUES (19, 2790, 44,4,5,1,0,0,2,3,3,1,3,5,12,9,1,2,6,4,17,-13.0,19,"Premier League", 5,"LWDLL");
INSERT INTO team_stats (idteam_stats, idleague, idteam, matchsPlayedHome, matchsPlayedAway, winsHome,winsAway, drawsHome, drawsAway, losesHome, losesAway, goalsForHome,goalsForAway, goalsAgainstHome, goalsAgainstAway,matchsPlayedTotal, winsTotal, drawsTotal, losesTotal, goalsForTotal, goalsAgainstTotal, goalsDiff, position, team_stats.group, points, forme) VALUES (20, 2790, 62,5,5,0,0,1,0,4,5,1,3,6,10,10,0,1,9,4,16,-12.0,20,"Premier League", 1,"LLLLL");
INSERT INTO team_stats (idteam_stats, idleague, idteam, matchsPlayedHome, matchsPlayedAway, winsHome,winsAway, drawsHome, drawsAway, losesHome, losesAway, goalsForHome,goalsForAway, goalsAgainstHome, goalsAgainstAway,matchsPlayedTotal, winsTotal, drawsTotal, losesTotal, goalsForTotal, goalsAgainstTotal, goalsDiff, position, team_stats.group, points, forme) VALUES (21, 2833, 548,6,5,3,4,2,1,1,0,10,12,3,2,11,7,3,1,22,5,17.0,1,"Primera División", 24,"DWWWW");
INSERT INTO team_stats (idteam_stats, idleague, idteam, matchsPlayedHome, matchsPlayedAway, winsHome,winsAway, drawsHome, drawsAway, losesHome, losesAway, goalsForHome,goalsForAway, goalsAgainstHome, goalsAgainstAway,matchsPlayedTotal, winsTotal, drawsTotal, losesTotal, goalsForTotal, goalsAgainstTotal, goalsDiff, position, team_stats.group, points, forme) VALUES (22, 2833, 530,5,4,4,3,1,1,0,0,13,6,1,1,9,7,2,0,19,2,17.0,2,"Primera División", 23,"WWWWW");
INSERT INTO team_stats (idteam_stats, idleague, idteam, matchsPlayedHome, matchsPlayedAway, winsHome,winsAway, drawsHome, drawsAway, losesHome, losesAway, goalsForHome,goalsForAway, goalsAgainstHome, goalsAgainstAway,matchsPlayedTotal, winsTotal, drawsTotal, losesTotal, goalsForTotal, goalsAgainstTotal, goalsDiff, position, team_stats.group, points, forme) VALUES (23, 2833, 533,6,5,4,1,2,3,0,1,11,4,5,6,11,5,5,1,15,11,4.0,3,"Primera División", 20,"DDWWD");
INSERT INTO team_stats (idteam_stats, idleague, idteam, matchsPlayedHome, matchsPlayedAway, winsHome,winsAway, drawsHome, drawsAway, losesHome, losesAway, goalsForHome,goalsForAway, goalsAgainstHome, goalsAgainstAway,matchsPlayedTotal, winsTotal, drawsTotal, losesTotal, goalsForTotal, goalsAgainstTotal, goalsDiff, position, team_stats.group, points, forme) VALUES (24, 2833, 541,4,6,2,3,0,2,2,1,6,10,4,8,10,5,2,3,16,12,4.0,4,"Primera División", 17,"LDLWW");
INSERT INTO team_stats (idteam_stats, idleague, idteam, matchsPlayedHome, matchsPlayedAway, winsHome,winsAway, drawsHome, drawsAway, losesHome, losesAway, goalsForHome,goalsForAway, goalsAgainstHome, goalsAgainstAway,matchsPlayedTotal, winsTotal, drawsTotal, losesTotal, goalsForTotal, goalsAgainstTotal, goalsDiff, position, team_stats.group, points, forme) VALUES (25, 2833, 536,4,5,3,2,0,1,1,2,6,6,3,5,9,5,1,3,12,8,4.0,5,"Primera División", 16,"WWWLL");
INSERT INTO team_stats (idteam_stats, idleague, idteam, matchsPlayedHome, matchsPlayedAway, winsHome,winsAway, drawsHome, drawsAway, losesHome, losesAway, goalsForHome,goalsForAway, goalsAgainstHome, goalsAgainstAway,matchsPlayedTotal, winsTotal, drawsTotal, losesTotal, goalsForTotal, goalsAgainstTotal, goalsDiff, position, team_stats.group, points, forme) VALUES (26, 2833, 724,5,6,0,4,2,1,3,1,2,7,7,5,11,4,3,4,9,12,-3.0,6,"Primera División", 15,"DLLWD");
INSERT INTO team_stats (idteam_stats, idleague, idteam, matchsPlayedHome, matchsPlayedAway, winsHome,winsAway, drawsHome, drawsAway, losesHome, losesAway, goalsForHome,goalsForAway, goalsAgainstHome, goalsAgainstAway,matchsPlayedTotal, winsTotal, drawsTotal, losesTotal, goalsForTotal, goalsAgainstTotal, goalsDiff, position, team_stats.group, points, forme) VALUES (27, 2833, 529,5,4,3,1,1,1,1,2,15,4,6,3,9,4,2,3,19,9,10.0,7,"Primera División", 14,"WLWDL");
INSERT INTO team_stats (idteam_stats, idleague, idteam, matchsPlayedHome, matchsPlayedAway, winsHome,winsAway, drawsHome, drawsAway, losesHome, losesAway, goalsForHome,goalsForAway, goalsAgainstHome, goalsAgainstAway,matchsPlayedTotal, winsTotal, drawsTotal, losesTotal, goalsForTotal, goalsAgainstTotal, goalsDiff, position, team_stats.group, points, forme) VALUES (28, 2833, 715,5,5,3,1,1,1,1,3,7,4,5,12,10,4,2,4,11,17,-6.0,8,"Primera División", 14,"LLLDW");
INSERT INTO team_stats (idteam_stats, idleague, idteam, matchsPlayedHome, matchsPlayedAway, winsHome,winsAway, drawsHome, drawsAway, losesHome, losesAway, goalsForHome,goalsForAway, goalsAgainstHome, goalsAgainstAway,matchsPlayedTotal, winsTotal, drawsTotal, losesTotal, goalsForTotal, goalsAgainstTotal, goalsDiff, position, team_stats.group, points, forme) VALUES (29, 2833, 531,4,6,3,1,0,1,1,4,8,4,2,8,10,4,1,5,12,10,2.0,9,"Primera División", 13,"DWLWL");
INSERT INTO team_stats (idteam_stats, idleague, idteam, matchsPlayedHome, matchsPlayedAway, winsHome,winsAway, drawsHome, drawsAway, losesHome, losesAway, goalsForHome,goalsForAway, goalsAgainstHome, goalsAgainstAway,matchsPlayedTotal, winsTotal, drawsTotal, losesTotal, goalsForTotal, goalsAgainstTotal, goalsDiff, position, team_stats.group, points, forme) VALUES (30, 2833, 797,5,4,1,2,3,1,1,1,4,5,6,4,9,3,4,2,9,10,-1.0,10,"Primera División", 13,"DDDLW");
INSERT INTO team_stats (idteam_stats, idleague, idteam, matchsPlayedHome, matchsPlayedAway, winsHome,winsAway, drawsHome, drawsAway, losesHome, losesAway, goalsForHome,goalsForAway, goalsAgainstHome, goalsAgainstAway,matchsPlayedTotal, winsTotal, drawsTotal, losesTotal, goalsForTotal, goalsAgainstTotal, goalsDiff, position, team_stats.group, points, forme) VALUES (31, 2833, 546,6,4,3,0,1,3,2,1,7,2,5,5,10,3,4,3,9,10,-1.0,11,"Primera División", 13,"DDLDL");
INSERT INTO team_stats (idteam_stats, idleague, idteam, matchsPlayedHome, matchsPlayedAway, winsHome,winsAway, drawsHome, drawsAway, losesHome, losesAway, goalsForHome,goalsForAway, goalsAgainstHome, goalsAgainstAway,matchsPlayedTotal, winsTotal, drawsTotal, losesTotal, goalsForTotal, goalsAgainstTotal, goalsDiff, position, team_stats.group, points, forme) VALUES (32, 2833, 545,6,5,0,3,3,1,3,1,1,7,5,4,11,3,4,4,8,9,-1.0,12,"Primera División", 13,"WDDLW");
INSERT INTO team_stats (idteam_stats, idleague, idteam, matchsPlayedHome, matchsPlayedAway, winsHome,winsAway, drawsHome, drawsAway, losesHome, losesAway, goalsForHome,goalsForAway, goalsAgainstHome, goalsAgainstAway,matchsPlayedTotal, winsTotal, drawsTotal, losesTotal, goalsForTotal, goalsAgainstTotal, goalsDiff, position, team_stats.group, points, forme) VALUES (33, 2833, 542,6,5,1,2,3,1,2,2,4,7,6,7,11,3,4,4,11,13,-2.0,13,"Primera División", 13,"WDDDW");
INSERT INTO team_stats (idteam_stats, idleague, idteam, matchsPlayedHome, matchsPlayedAway, winsHome,winsAway, drawsHome, drawsAway, losesHome, losesAway, goalsForHome,goalsForAway, goalsAgainstHome, goalsAgainstAway,matchsPlayedTotal, winsTotal, drawsTotal, losesTotal, goalsForTotal, goalsAgainstTotal, goalsDiff, position, team_stats.group, points, forme) VALUES (34, 2833, 532,6,5,2,1,2,1,2,3,11,6,9,8,11,3,3,5,17,17,0.0,14,"Primera División", 12,"LDWDL");
INSERT INTO team_stats (idteam_stats, idleague, idteam, matchsPlayedHome, matchsPlayedAway, winsHome,winsAway, drawsHome, drawsAway, losesHome, losesAway, goalsForHome,goalsForAway, goalsAgainstHome, goalsAgainstAway,matchsPlayedTotal, winsTotal, drawsTotal, losesTotal, goalsForTotal, goalsAgainstTotal, goalsDiff, position, team_stats.group, points, forme) VALUES (35, 2833, 543,5,6,2,2,0,0,3,4,7,5,9,14,11,4,0,7,12,23,-11.0,15,"Primera División", 12,"LLLWL");
INSERT INTO team_stats (idteam_stats, idleague, idteam, matchsPlayedHome, matchsPlayedAway, winsHome,winsAway, drawsHome, drawsAway, losesHome, losesAway, goalsForHome,goalsForAway, goalsAgainstHome, goalsAgainstAway,matchsPlayedTotal, winsTotal, drawsTotal, losesTotal, goalsForTotal, goalsAgainstTotal, goalsDiff, position, team_stats.group, points, forme) VALUES (36, 2833, 727,5,5,2,1,1,1,2,3,6,2,7,6,10,3,2,5,8,13,-5.0,16,"Primera División", 11,"LDLLW");
INSERT INTO team_stats (idteam_stats, idleague, idteam, matchsPlayedHome, matchsPlayedAway, winsHome,winsAway, drawsHome, drawsAway, losesHome, losesAway, goalsForHome,goalsForAway, goalsAgainstHome, goalsAgainstAway,matchsPlayedTotal, winsTotal, drawsTotal, losesTotal, goalsForTotal, goalsAgainstTotal, goalsDiff, position, team_stats.group, points, forme) VALUES (37, 2833, 720,6,5,1,1,3,1,2,3,6,5,8,8,11,2,4,5,11,16,-5.0,17,"Primera División", 10,"DWWLL");
INSERT INTO team_stats (idteam_stats, idleague, idteam, matchsPlayedHome, matchsPlayedAway, winsHome,winsAway, drawsHome, drawsAway, losesHome, losesAway, goalsForHome,goalsForAway, goalsAgainstHome, goalsAgainstAway,matchsPlayedTotal, winsTotal, drawsTotal, losesTotal, goalsForTotal, goalsAgainstTotal, goalsDiff, position, team_stats.group, points, forme) VALUES (38, 2833, 538,5,6,2,0,0,4,3,2,6,5,11,9,11,2,4,5,11,20,-9.0,18,"Primera División", 10,"WLDLD");
INSERT INTO team_stats (idteam_stats, idleague, idteam, matchsPlayedHome, matchsPlayedAway, winsHome,winsAway, drawsHome, drawsAway, losesHome, losesAway, goalsForHome,goalsForAway, goalsAgainstHome, goalsAgainstAway,matchsPlayedTotal, winsTotal, drawsTotal, losesTotal, goalsForTotal, goalsAgainstTotal, goalsDiff, position, team_stats.group, points, forme) VALUES (39, 2833, 539,4,6,0,1,3,2,1,3,3,7,5,10,10,1,5,4,10,15,-5.0,19,"Primera División", 8,"DDDDD");
INSERT INTO team_stats (idteam_stats, idleague, idteam, matchsPlayedHome, matchsPlayedAway, winsHome,winsAway, drawsHome, drawsAway, losesHome, losesAway, goalsForHome,goalsForAway, goalsAgainstHome, goalsAgainstAway,matchsPlayedTotal, winsTotal, drawsTotal, losesTotal, goalsForTotal, goalsAgainstTotal, goalsDiff, position, team_stats.group, points, forme) VALUES (40, 2833, 726,5,6,0,0,3,4,2,2,3,5,6,11,11,0,7,4,8,17,-9.0,20,"Primera División", 7,"LDDLL");
INSERT INTO team_stats (idteam_stats, idleague, idteam, matchsPlayedHome, matchsPlayedAway, winsHome,winsAway, drawsHome, drawsAway, losesHome, losesAway, goalsForHome,goalsForAway, goalsAgainstHome, goalsAgainstAway,matchsPlayedTotal, winsTotal, drawsTotal, losesTotal, goalsForTotal, goalsAgainstTotal, goalsDiff, position, team_stats.group, points, forme) VALUES (41, 2826, 228,4,4,3,4,1,0,0,0,11,10,4,1,8,7,1,0,21,5,16.0,1,"Primeira Liga", 22,"WWWWW");
INSERT INTO team_stats (idteam_stats, idleague, idteam, matchsPlayedHome, matchsPlayedAway, winsHome,winsAway, drawsHome, drawsAway, losesHome, losesAway, goalsForHome,goalsForAway, goalsAgainstHome, goalsAgainstAway,matchsPlayedTotal, winsTotal, drawsTotal, losesTotal, goalsForTotal, goalsAgainstTotal, goalsDiff, position, team_stats.group, points, forme) VALUES (42, 2826, 217,4,4,3,3,0,0,1,1,4,9,2,5,8,6,0,2,13,7,6.0,2,"Primeira Liga", 18,"WWWWW");
INSERT INTO team_stats (idteam_stats, idleague, idteam, matchsPlayedHome, matchsPlayedAway, winsHome,winsAway, drawsHome, drawsAway, losesHome, losesAway, goalsForHome,goalsForAway, goalsAgainstHome, goalsAgainstAway,matchsPlayedTotal, winsTotal, drawsTotal, losesTotal, goalsForTotal, goalsAgainstTotal, goalsDiff, position, team_stats.group, points, forme) VALUES (43, 2826, 211,4,4,3,3,0,0,1,1,9,10,5,5,8,6,0,2,19,10,9.0,3,"Primeira Liga", 18,"WLLWW");
INSERT INTO team_stats (idteam_stats, idleague, idteam, matchsPlayedHome, matchsPlayedAway, winsHome,winsAway, drawsHome, drawsAway, losesHome, losesAway, goalsForHome,goalsForAway, goalsAgainstHome, goalsAgainstAway,matchsPlayedTotal, winsTotal, drawsTotal, losesTotal, goalsForTotal, goalsAgainstTotal, goalsDiff, position, team_stats.group, points, forme) VALUES (44, 2826, 212,4,4,3,2,0,1,1,1,9,10,5,5,8,5,1,2,19,10,9.0,4,"Primeira Liga", 16,"WWLWD");
INSERT INTO team_stats (idteam_stats, idleague, idteam, matchsPlayedHome, matchsPlayedAway, winsHome,winsAway, drawsHome, drawsAway, losesHome, losesAway, goalsForHome,goalsForAway, goalsAgainstHome, goalsAgainstAway,matchsPlayedTotal, winsTotal, drawsTotal, losesTotal, goalsForTotal, goalsAgainstTotal, goalsDiff, position, team_stats.group, points, forme) VALUES (45, 2826, 234,4,4,3,1,0,2,1,1,7,3,5,3,8,4,2,2,10,8,2.0,5,"Primeira Liga", 14,"WWWDW");
INSERT INTO team_stats (idteam_stats, idleague, idteam, matchsPlayedHome, matchsPlayedAway, winsHome,winsAway, drawsHome, drawsAway, losesHome, losesAway, goalsForHome,goalsForAway, goalsAgainstHome, goalsAgainstAway,matchsPlayedTotal, winsTotal, drawsTotal, losesTotal, goalsForTotal, goalsAgainstTotal, goalsDiff, position, team_stats.group, points, forme) VALUES (46, 2826, 224,4,4,1,3,0,1,3,0,1,5,6,1,8,4,1,3,6,7,-1.0,6,"Primeira Liga", 13,"WLWLW");
INSERT INTO team_stats (idteam_stats, idleague, idteam, matchsPlayedHome, matchsPlayedAway, winsHome,winsAway, drawsHome, drawsAway, losesHome, losesAway, goalsForHome,goalsForAway, goalsAgainstHome, goalsAgainstAway,matchsPlayedTotal, winsTotal, drawsTotal, losesTotal, goalsForTotal, goalsAgainstTotal, goalsDiff, position, team_stats.group, points, forme) VALUES (47, 2826, 225,4,4,1,1,3,1,0,2,6,2,5,3,8,2,4,2,8,8,0.0,7,"Primeira Liga", 10,"LWDDL");
INSERT INTO team_stats (idteam_stats, idleague, idteam, matchsPlayedHome, matchsPlayedAway, winsHome,winsAway, drawsHome, drawsAway, losesHome, losesAway, goalsForHome,goalsForAway, goalsAgainstHome, goalsAgainstAway,matchsPlayedTotal, winsTotal, drawsTotal, losesTotal, goalsForTotal, goalsAgainstTotal, goalsDiff, position, team_stats.group, points, forme) VALUES (48, 2826, 227,4,4,1,2,1,0,2,2,3,4,3,5,8,3,1,4,7,8,-1.0,8,"Primeira Liga", 10,"LLWLL");
INSERT INTO team_stats (idteam_stats, idleague, idteam, matchsPlayedHome, matchsPlayedAway, winsHome,winsAway, drawsHome, drawsAway, losesHome, losesAway, goalsForHome,goalsForAway, goalsAgainstHome, goalsAgainstAway,matchsPlayedTotal, winsTotal, drawsTotal, losesTotal, goalsForTotal, goalsAgainstTotal, goalsDiff, position, team_stats.group, points, forme) VALUES (49, 2826, 226,3,5,1,1,1,3,1,1,2,3,3,4,8,2,4,2,5,7,-2.0,9,"Primeira Liga", 10,"LDWWL");
INSERT INTO team_stats (idteam_stats, idleague, idteam, matchsPlayedHome, matchsPlayedAway, winsHome,winsAway, drawsHome, drawsAway, losesHome, losesAway, goalsForHome,goalsForAway, goalsAgainstHome, goalsAgainstAway,matchsPlayedTotal, winsTotal, drawsTotal, losesTotal, goalsForTotal, goalsAgainstTotal, goalsDiff, position, team_stats.group, points, forme) VALUES (50, 2826, 242,4,4,1,1,2,1,1,2,6,5,9,7,8,2,3,3,11,16,-5.0,10,"Primeira Liga", 9,"LWLDD");
INSERT INTO team_stats (idteam_stats, idleague, idteam, matchsPlayedHome, matchsPlayedAway, winsHome,winsAway, drawsHome, drawsAway, losesHome, losesAway, goalsForHome,goalsForAway, goalsAgainstHome, goalsAgainstAway,matchsPlayedTotal, winsTotal, drawsTotal, losesTotal, goalsForTotal, goalsAgainstTotal, goalsDiff, position, team_stats.group, points, forme) VALUES (51, 2826, 762,4,4,2,0,1,1,1,3,5,2,3,6,8,2,2,4,7,9,-2.0,11,"Primeira Liga", 8,"WLLLL");
INSERT INTO team_stats (idteam_stats, idleague, idteam, matchsPlayedHome, matchsPlayedAway, winsHome,winsAway, drawsHome, drawsAway, losesHome, losesAway, goalsForHome,goalsForAway, goalsAgainstHome, goalsAgainstAway,matchsPlayedTotal, winsTotal, drawsTotal, losesTotal, goalsForTotal, goalsAgainstTotal, goalsDiff, position, team_stats.group, points, forme) VALUES (52, 2826, 221,4,4,0,1,3,2,1,1,2,1,3,2,8,1,5,2,3,5,-2.0,12,"Primeira Liga", 8,"DDDLD");
INSERT INTO team_stats (idteam_stats, idleague, idteam, matchsPlayedHome, matchsPlayedAway, winsHome,winsAway, drawsHome, drawsAway, losesHome, losesAway, goalsForHome,goalsForAway, goalsAgainstHome, goalsAgainstAway,matchsPlayedTotal, winsTotal, drawsTotal, losesTotal, goalsForTotal, goalsAgainstTotal, goalsDiff, position, team_stats.group, points, forme) VALUES (53, 2826, 215,4,4,2,0,1,1,1,3,5,1,3,6,8,2,2,4,6,9,-3.0,13,"Primeira Liga", 8,"LLLWD");
INSERT INTO team_stats (idteam_stats, idleague, idteam, matchsPlayedHome, matchsPlayedAway, winsHome,winsAway, drawsHome, drawsAway, losesHome, losesAway, goalsForHome,goalsForAway, goalsAgainstHome, goalsAgainstAway,matchsPlayedTotal, winsTotal, drawsTotal, losesTotal, goalsForTotal, goalsAgainstTotal, goalsDiff, position, team_stats.group, points, forme) VALUES (54, 2826, 218,5,3,2,0,1,1,2,2,4,2,7,7,8,2,2,4,6,14,-8.0,14,"Primeira Liga", 8,"LWLWD");
INSERT INTO team_stats (idteam_stats, idleague, idteam, matchsPlayedHome, matchsPlayedAway, winsHome,winsAway, drawsHome, drawsAway, losesHome, losesAway, goalsForHome,goalsForAway, goalsAgainstHome, goalsAgainstAway,matchsPlayedTotal, winsTotal, drawsTotal, losesTotal, goalsForTotal, goalsAgainstTotal, goalsDiff, position, team_stats.group, points, forme) VALUES (55, 2826, 216,4,4,1,1,1,0,2,3,3,3,5,6,8,2,1,5,6,11,-5.0,15,"Primeira Liga", 7,"WLLLW");
INSERT INTO team_stats (idteam_stats, idleague, idteam, matchsPlayedHome, matchsPlayedAway, winsHome,winsAway, drawsHome, drawsAway, losesHome, losesAway, goalsForHome,goalsForAway, goalsAgainstHome, goalsAgainstAway,matchsPlayedTotal, winsTotal, drawsTotal, losesTotal, goalsForTotal, goalsAgainstTotal, goalsDiff, position, team_stats.group, points, forme) VALUES (56, 2826, 222,4,4,1,0,1,3,2,1,3,7,6,9,8,1,4,3,10,15,-5.0,16,"Primeira Liga", 7,"DLWDL");
INSERT INTO team_stats (idteam_stats, idleague, idteam, matchsPlayedHome, matchsPlayedAway, winsHome,winsAway, drawsHome, drawsAway, losesHome, losesAway, goalsForHome,goalsForAway, goalsAgainstHome, goalsAgainstAway,matchsPlayedTotal, winsTotal, drawsTotal, losesTotal, goalsForTotal, goalsAgainstTotal, goalsDiff, position, team_stats.group, points, forme) VALUES (57, 2826, 214,4,4,1,1,1,0,2,3,4,5,5,8,8,2,1,5,9,13,-4.0,17,"Primeira Liga", 7,"LLDLL");
INSERT INTO team_stats (idteam_stats, idleague, idteam, matchsPlayedHome, matchsPlayedAway, winsHome,winsAway, drawsHome, drawsAway, losesHome, losesAway, goalsForHome,goalsForAway, goalsAgainstHome, goalsAgainstAway,matchsPlayedTotal, winsTotal, drawsTotal, losesTotal, goalsForTotal, goalsAgainstTotal, goalsDiff, position, team_stats.group, points, forme) VALUES (58, 2826, 231,4,4,1,0,1,1,2,3,6,3,6,7,8,1,2,5,9,13,-4.0,18,"Primeira Liga", 5,"LWDLD");
INSERT INTO fixture (idfixture, begintime, hometeam,awayteam, idleague, state, oddhome, oddaway, odddraw, scoreHome, scoreAway) VALUES (592242, "2020-12-07T20:00:00", 51, 41,2790, "Not Started", 2.55,2.75,3.4, 0, 0);
INSERT INTO fixture (idfixture, begintime, hometeam,awayteam, idleague, state, oddhome, oddaway, odddraw, scoreHome, scoreAway) VALUES (601100, "2020-12-07T20:15:00", 231, 214,2826, "Not Started", 2.45,2.75,3.3, 0, 0);
INSERT INTO fixture (idfixture, begintime, hometeam,awayteam, idleague, state, oddhome, oddaway, odddraw, scoreHome, scoreAway) VALUES (605178, "2020-12-07T20:00:00", 545, 532,2833, "Not Started", 2.5,2.9,3.1, 0, 0);
INSERT INTO h2h (idh2h, idfixture, homeTeamId, awayTeamId, score, date) VALUES (1,592242,41, 51,"3-0", "2011-11-19T15:00:00");
INSERT INTO h2h (idh2h, idfixture, homeTeamId, awayTeamId, score, date) VALUES (2,592242,51, 41,"3-0", "2012-01-02T15:00:00");
INSERT INTO h2h (idh2h, idfixture, homeTeamId, awayTeamId, score, date) VALUES (3,592242,51, 41,"1-1", "2017-10-29T13:30:00");
INSERT INTO h2h (idh2h, idfixture, homeTeamId, awayTeamId, score, date) VALUES (4,592242,41, 51,"1-1", "2018-01-31T19:45:00");
INSERT INTO h2h (idh2h, idfixture, homeTeamId, awayTeamId, score, date) VALUES (5,592242,51, 41,"0-1", "2018-08-28T18:45:00");
INSERT INTO h2h (idh2h, idfixture, homeTeamId, awayTeamId, score, date) VALUES (6,592242,41, 51,"2-2", "2018-09-17T19:00:00");
INSERT INTO h2h (idh2h, idfixture, homeTeamId, awayTeamId, score, date) VALUES (7,592242,51, 41,"0-1", "2019-03-30T15:00:00");
INSERT INTO h2h (idh2h, idfixture, homeTeamId, awayTeamId, score, date) VALUES (8,592242,51, 41,"0-2", "2019-08-24T14:00:00");
INSERT INTO h2h (idh2h, idfixture, homeTeamId, awayTeamId, score, date) VALUES (9,592242,41, 51,"1-1", "2020-07-16T19:15:00");
INSERT INTO h2h (idh2h, idfixture, homeTeamId, awayTeamId, score, date) VALUES (10,592242,51, 41,"None", "2020-12-07T20:00:00");
INSERT INTO h2h (idh2h, idfixture, homeTeamId, awayTeamId, score, date) VALUES (11,592242,41, 51,"None", "2021-03-13T15:00:00");
INSERT INTO h2h (idh2h, idfixture, homeTeamId, awayTeamId, score, date) VALUES (12,605178,545, 532,"0-1", "2014-12-20T19:00:00");
INSERT INTO h2h (idh2h, idfixture, homeTeamId, awayTeamId, score, date) VALUES (13,605178,532, 545,"3-1", "2015-05-03T17:00:00");
INSERT INTO h2h (idh2h, idfixture, homeTeamId, awayTeamId, score, date) VALUES (14,605178,545, 532,"1-1", "2015-12-13T15:00:00");
INSERT INTO h2h (idh2h, idfixture, homeTeamId, awayTeamId, score, date) VALUES (15,605178,532, 545,"4-0", "2016-04-20T18:45:00");
INSERT INTO h2h (idh2h, idfixture, homeTeamId, awayTeamId, score, date) VALUES (16,605178,545, 532,"1-0", "2016-08-27T16:15:00");
INSERT INTO h2h (idh2h, idfixture, homeTeamId, awayTeamId, score, date) VALUES (17,605178,532, 545,"0-4", "2017-02-04T19:45:00");
INSERT INTO h2h (idh2h, idfixture, homeTeamId, awayTeamId, score, date) VALUES (18,605178,545, 532,"2-1", "2017-12-16T17:30:00");
INSERT INTO h2h (idh2h, idfixture, homeTeamId, awayTeamId, score, date) VALUES (19,605178,532, 545,"0-0", "2018-04-29T16:30:00");
INSERT INTO h2h (idh2h, idfixture, homeTeamId, awayTeamId, score, date) VALUES (20,605178,545, 532,"1-1", "2018-12-15T19:45:00");
INSERT INTO h2h (idh2h, idfixture, homeTeamId, awayTeamId, score, date) VALUES (21,605178,532, 545,"0-1", "2019-04-28T10:00:00");
INSERT INTO h2h (idh2h, idfixture, homeTeamId, awayTeamId, score, date) VALUES (22,605178,532, 545,"1-0", "2020-01-04T12:00:00");
INSERT INTO h2h (idh2h, idfixture, homeTeamId, awayTeamId, score, date) VALUES (23,605178,545, 532,"1-0", "2020-06-25T17:30:00");
INSERT INTO h2h (idh2h, idfixture, homeTeamId, awayTeamId, score, date) VALUES (24,605178,545, 532,"None", "2020-12-07T20:00:00");
INSERT INTO h2h (idh2h, idfixture, homeTeamId, awayTeamId, score, date) VALUES (25,605178,532, 545,"None", "2021-05-16T00:00:00");
INSERT INTO h2h (idh2h, idfixture, homeTeamId, awayTeamId, score, date) VALUES (26,601100,231, 214,"None", "2020-12-07T20:15:00");
INSERT INTO h2h (idh2h, idfixture, homeTeamId, awayTeamId, score, date) VALUES (27,601100,214, 231,"None", "2021-04-11T15:00:00");
